id,kind,zone,worldX,worldZ,lat,lon,areaKm2,sizeX,sizeZ
Z01,zone,Z01,-26715.6,421672.7,7.01180,72.92133,303.7,23510.9,22794.1
Z02,zone,Z02,-4143.4,406901.3,6.88779,73.16039,349.0,35195.3,18607.7
Z03,zone,Z03,-17318.8,379641.4,6.60994,72.97259,872.1,37648.7,43116.9
Z04,zone,Z04,-57035.2,345292.5,6.31441,72.61676,287.3,20357.8,28951.0
Z05,zone,Z05,-3623.3,335358.3,6.23000,73.13516,1622.2,47923.4,59781.8
Z06,zone,Z06,-22581.0,306256.9,5.97046,72.94729,6.5,3409.6,3122.7
Z07,zone,Z07,18895.1,288319.4,5.82041,73.31565,1098.3,42177.8,41397.4
Z08,zone,Z08,-24075.5,266905.6,5.62287,72.93847,1279.2,30316.5,66128.9
Z09,zone,Z09,39033.3,241889.9,5.40107,73.49805,726.0,37312.6,35490.5
Z10,zone,Z10,-17478.2,234672.1,5.33314,73.01503,157.2,23452.5,10440.6
Z11,zone,Z11,-18831.9,217786.6,5.14321,72.97683,988.4,43427.6,33328.7
Z12,zone,Z12,34068.3,194979.5,4.96317,73.45817,9.0,4115.7,2984.4
Z13,zone,Z13,-24923.5,182756.9,4.84898,72.92687,124.9,18360.6,9193.3
Z14,zone,Z14,31744.7,171732.4,4.75101,73.43876,95.2,15081.2,8690.2
Z15,zone,Z15,40298.9,136355.3,4.43713,73.53618,1627.6,43602.1,60062.7
Z16,zone,Z16,-25927.6,134750.8,4.41877,72.91666,7.9,3478.6,2981.1
Z17,zone,Z17,-18878.4,121367.2,4.29844,72.97911,66.4,9675.2,8837.2
Z18,zone,Z18,39899.9,107875.2,4.17627,73.50916,1.9,1956.2,1341.3
Z19,zone,Z19,-34619.9,101351.0,4.09549,72.83144,1019.1,30385.2,43037.3
Z20,zone,Z20,31959.1,86247.8,3.96993,73.43264,569.0,22241.5,36392.8
Z21,zone,Z21,-34733.1,51460.5,3.68554,72.84056,1361.0,33560.8,48954.2
Z22,zone,Z22,42068.1,31653.5,3.49443,73.40878,1145.8,55662.8,42488.8
Z23,zone,Z23,31705.2,5909.4,3.25445,73.43644,54.4,9792.5,7408.6
Z24,zone,Z24,-24244.8,-238.5,3.18783,72.93194,641.6,27540.5,31551.8
Z25,zone,Z25,37660.9,-24831.4,2.96132,73.49442,1089.7,34177.9,48990.7
Z26,zone,Z26,-23829.2,-39935.6,2.83429,72.92877,777.6,24301.8,39260.0
Z27,zone,Z27,-2675.3,-90233.5,2.36179,73.13404,1794.1,55986.5,45227.8
Z28,zone,Z28,31265.6,-137321.8,1.95554,73.39912,922.2,39469.9,39901.3
Z29,zone,Z29,20143.2,-275663.8,0.63411,73.28159,2010.1,61923.1,65694.3
Z30,zone,Z30,2324.3,-318240.7,0.37437,73.24339,1509.4,62903.3,44958.0
Z31,zone,Z31,30780.9,-386621.1,-0.29080,73.42124,24.4,6095.7,6515.1
Z32,zone,Z32,1532.5,-422671.0,-0.64167,73.16281,165.4,19507.8,15121.3
Z32-057,island,Z32,1133.9,-431717.8,-0.70424,73.16018,0.0001,12.2,12.2
Z32-058,island,Z32,1087.4,-431745.3,-0.70447,73.15987,0.0048,73.5,95.1
Z32-055,island,Z32,3686.1,-430384.7,-0.69220,73.18311,0.0004,20.0,33.2
Z32-053,island,Z32,4352.7,-429870.1,-0.68753,73.18911,0.0001,12.2,12.2
Z32-054,island,Z32,4192.9,-429982.8,-0.68851,73.18787,0.0256,276.1,304.1
Z32-056,island,Z32,372.4,-430730.1,-0.69434,73.15658,3.1568,3572.0,1940.6
Z32-051,island,Z32,-2436.3,-429294.0,-0.68232,73.12811,0.0001,12.2,12.2
Z32-052,island,Z32,-2406.2,-429287.4,-0.68233,73.12839,0.0003,33.4,21.0
Z32-049,island,Z32,-2612.8,-429128.4,-0.68130,73.12653,0.0567,368.4,471.1
Z32-047,island,Z32,-2856.0,-428945.0,-0.67916,73.12435,0.0018,50.1,54.2
Z32-050,island,Z32,-1742.2,-429467.3,-0.68218,73.13486,1.1549,1542.8,1234.0
Z32-046,island,Z32,-2496.4,-428241.3,-0.67280,73.12757,0.0001,12.2,12.2
Z32-048,island,Z32,4762.9,-429099.7,-0.67962,73.19522,0.3587,952.8,1674.1
Z32-045,island,Z32,4642.5,-428117.8,-0.67166,73.19171,0.0001,13.4,22.1
Z32-044,island,Z32,-3176.2,-427707.7,-0.66795,73.12099,0.9585,1785.5,2065.6
Z32-043,island,Z32,7416.3,-426749.8,-0.65900,73.21700,0.0323,279.4,268.7
Z32-042,island,Z32,-4170.5,-426383.3,-0.65600,73.11254,0.0001,23.4,12.2
Z32-041,island,Z32,-4216.2,-426373.7,-0.65591,73.11212,0.0001,12.2,12.2
Z32-040,island,Z32,-4354.2,-426351.2,-0.65564,73.11087,0.0377,244.9,255.4
Z32-039,island,Z32,-4723.1,-425778.4,-0.65018,73.10724,0.0091,178.1,277.5
Z32-038,island,Z32,8052.5,-425023.3,-0.64348,73.22230,0.0016,43.4,73.0
Z32-037,island,Z32,8151.0,-424723.9,-0.64110,73.22327,0.0104,95.7,256.5
Z32-036,island,Z32,8199.6,-424427.2,-0.63808,73.22373,0.0039,63.5,152.6
Z32-035,island,Z32,8212.3,-424329.5,-0.63739,73.22378,0.0002,13.4,33.2
Z32-034,island,Z32,8265.2,-424128.1,-0.63530,73.22427,0.0164,90.2,356.1
Z32-033,island,Z32,8404.8,-423384.2,-0.62963,73.22539,0.0615,252.7,911.1
Z32-032,island,Z32,8414.5,-422432.3,-0.62030,73.22579,0.1107,232.6,1051.6
Z32-031,island,Z32,8307.9,-421848.8,-0.61500,73.22463,0.0009,23.4,58.6
Z32-029,island,Z32,-121.3,-421578.4,-0.61250,73.14888,0.0004,24.5,33.2
Z32-028,island,Z32,-136.5,-421555.9,-0.61234,73.14877,0.0001,12.2,12.2
Z32-027,island,Z32,-162.0,-421490.6,-0.61172,73.14855,0.0026,43.4,94.0
Z32-025,island,Z32,-3518.3,-421387.1,-0.61081,73.11841,0.0003,44.5,13.3
Z32-024,island,Z32,-3627.7,-421365.7,-0.61061,73.11736,0.0006,74.6,16.6
Z32-026,island,Z32,8339.6,-421523.0,-0.61158,73.22491,0.1202,251.6,634.7
Z32-023,island,Z32,-6520.4,-419936.7,-0.59769,73.09143,0.0001,23.4,12.2
Z32-022,island,Z32,-6975.2,-419623.5,-0.59499,73.08733,0.0018,36.7,82.9
Z32-021,island,Z32,-6674.2,-419603.9,-0.59474,73.09039,0.0239,149.2,391.4
Z32-016,island,Z32,-7110.4,-419115.8,-0.59035,73.08615,0.0002,23.4,22.1
Z32-015,island,Z32,-7081.8,-419120.6,-0.59027,73.08637,0.0003,24.5,33.2
Z32-014,island,Z32,-7118.2,-419091.9,-0.59006,73.08607,0.0003,44.5,12.2
Z32-019,island,Z32,-7258.7,-419204.4,-0.59138,73.08532,0.0739,434.1,356.1
Z32-018,island,Z32,-6842.9,-419221.9,-0.59132,73.08849,0.0233,164.7,403.6
Z32-017,island,Z32,8033.9,-419204.3,-0.59117,73.22241,0.0653,244.9,525.2
Z32-012,island,Z32,-8186.5,-418854.4,-0.58786,73.07644,0.0015,30.1,80.7
Z32-013,island,Z32,-6796.2,-418885.6,-0.58791,73.08889,0.0038,66.8,151.5
Z32-011,island,Z32,-6836.4,-418795.0,-0.58739,73.08859,0.0001,10.0,10.0
Z32-010,island,Z32,-6846.4,-418785.0,-0.58730,73.08850,0.0001,10.0,10.0
Z32-008,island,Z32,8072.9,-418616.0,-0.58580,73.22253,0.0001,12.2,12.2
Z32-009,island,Z32,-6860.7,-418627.8,-0.58583,73.08838,0.0004,23.4,33.2
Z32-006,island,Z32,-7906.6,-418388.1,-0.58373,73.07896,0.0007,33.4,33.2
Z32-007,island,Z32,-8100.4,-418450.5,-0.58452,73.07692,0.0179,252.7,336.2
Z32-005,island,Z32,-6896.8,-418214.7,-0.58212,73.08803,0.0032,57.9,90.7
Z32-004,island,Z32,8025.8,-417964.8,-0.57990,73.22211,0.0018,74.6,66.3
Z32-020,island,Z32,8588.7,-419260.0,-0.59405,73.22946,2.9674,2189.6,3264.2
Z32-003,island,Z32,7938.7,-417927.0,-0.57943,73.22130,0.0007,30.1,44.2
Z32-030,island,Z32,-6526.7,-421103.6,-0.61292,73.09224,5.06,3317.2,7608.7
Z32-002,island,Z32,7409.5,-417874.6,-0.57924,73.21689,0.0648,841.5,521.9
Z32-001,island,Z32,6398.7,-417622.0,-0.57676,73.20749,0.0001,23.4,13.3
Z30-176,island,Z30,5274.5,-332652.8,0.19137,73.19730,0.0972,390.7,453.4
Z30-175,island,Z30,5680.5,-332707.8,0.19141,73.20169,0.134,673.5,677.8
Z30-173,island,Z30,4569.7,-332346.9,0.19425,73.19100,0.0035,106.9,102.8
Z30-174,island,Z30,4685.1,-332430.2,0.19373,73.19225,0.0233,205.9,249.9
Z30-171,island,Z30,4793.8,-332286.8,0.19497,73.19306,0.0001,12.2,12.2
Z30-172,island,Z30,4941.8,-332341.9,0.19427,73.19403,0.0414,295.0,248.8
Z30-169,island,Z30,8482.9,-332217.1,0.19560,73.22621,0.0001,12.2,12.2
Z30-170,island,Z30,5680.6,-332225.0,0.19556,73.20104,0.0013,39.0,74.1
Z30-168,island,Z30,8403.1,-332172.9,0.19602,73.22549,0.0001,13.4,23.2
Z30-166,island,Z30,3528.8,-331439.7,0.20261,73.18170,0.0005,31.2,34.3
Z30-167,island,Z30,4108.1,-331806.9,0.19899,73.18977,0.4362,1074.2,1058.2
Z30-165,island,Z30,3273.7,-331283.9,0.20409,73.17953,0.0116,184.8,142.6
Z30-164,island,Z30,1301.3,-331026.6,0.20635,73.16190,0.0029,110.2,44.2
Z30-163,island,Z30,2819.6,-330925.5,0.20770,73.17540,0.0308,219.3,326.2
Z30-162,island,Z30,1408.6,-330878.8,0.20788,73.16215,0.0774,472.0,288.6
Z30-161,island,Z30,2324.3,-330783.7,0.20878,73.17118,0.0291,173.7,261.0
Z30-160,island,Z30,1217.4,-330709.5,0.20952,73.16157,0.1589,979.6,697.7
Z30-159,island,Z30,-959.3,-330167.8,0.21411,73.14123,0.0072,199.3,74.1
Z30-158,island,Z30,576.7,-329659.7,0.21856,73.15434,0.0739,482.0,603.7
Z30-156,island,Z30,7408.0,-328930.2,0.22529,73.21658,0.0417,336.2,182.5
Z30-157,island,Z30,-1435.5,-329403.4,0.22198,73.13649,0.7049,1116.5,1529.3
Z30-155,island,Z30,-2095.3,-328746.0,0.22709,73.13111,0.103,439.7,404.7
Z30-153,island,Z30,-2246.3,-328452.7,0.22950,73.12990,0.0855,447.5,393.7
Z30-152,island,Z30,-2467.8,-328357.7,0.23070,73.12808,0.037,321.7,327.3
Z30-154,island,Z30,13686.8,-328694.5,0.22714,73.27342,1.8543,2085.0,1502.7
Z30-151,island,Z30,-2636.0,-328109.3,0.23289,73.12644,0.0934,365.1,436.8
Z30-150,island,Z30,-3048.2,-327599.1,0.23728,73.12244,0.0262,227.1,196.8
Z30-147,island,Z30,-3496.0,-327374.3,0.23935,73.11860,0.0011,43.4,44.2
Z30-149,island,Z30,-3366.2,-327452.8,0.23855,73.11977,0.023,155.8,227.8
Z30-148,island,Z30,-3127.5,-327451.5,0.23888,73.12177,0.0486,330.6,366.0
Z30-146,island,Z30,-3593.2,-327114.4,0.24211,73.11720,0.1299,613.4,398.1
Z30-145,island,Z30,-4043.5,-326887.9,0.24410,73.11397,0.0649,308.4,342.8
Z30-143,island,Z30,-3977.1,-326624.2,0.24618,73.11428,0.0001,12.2,12.2
Z30-144,island,Z30,-4215.8,-326646.1,0.24596,73.11214,0.0605,251.6,455.6
Z30-142,island,Z30,-4457.8,-326553.0,0.24694,73.10991,0.0238,118.0,326.2
Z30-141,island,Z30,20074.1,-326335.6,0.24891,73.33040,0.0042,76.8,84.0
Z30-140,island,Z30,-4645.5,-326300.7,0.24907,73.10823,0.0017,32.3,85.1
Z30-139,island,Z30,19841.9,-326256.6,0.24960,73.32827,0.0104,134.7,127.2
Z30-138,island,Z30,20685.1,-326160.9,0.25030,73.33582,0.0022,72.4,43.1
Z30-137,island,Z30,9343.0,-326147.2,0.25046,73.23394,0.0006,33.4,33.2
Z30-134,island,Z30,21322.4,-326132.9,0.25063,73.34154,0.0019,47.9,56.4
Z30-136,island,Z30,20532.6,-326140.6,0.25054,73.33444,0.0042,73.5,103.9
Z30-135,island,Z30,20395.0,-326113.3,0.25055,73.33322,0.0268,216.0,242.2
Z30-132,island,Z30,20424.5,-325984.1,0.25195,73.33348,0.0014,50.1,37.6
Z30-133,island,Z30,20355.5,-325984.7,0.25192,73.33286,0.0008,30.1,42.0
Z30-129,island,Z30,16497.0,-325800.9,0.25373,73.29818,0.0089,89.1,188.0
Z30-128,island,Z30,19687.0,-325713.8,0.25435,73.32685,0.0008,26.7,53.1
Z30-130,island,Z30,19911.9,-325915.5,0.25271,73.32965,0.2344,1119.9,674.5
Z30-131,island,Z30,-5040.1,-325881.9,0.25259,73.10506,0.3623,818.2,813.8
Z30-124,island,Z30,21312.0,-325530.4,0.25611,73.34144,0.0032,51.2,113.9
Z30-126,island,Z30,21253.1,-325591.8,0.25559,73.34063,0.0316,223.8,319.6
Z30-125,island,Z30,-5436.5,-325512.1,0.25594,73.10065,0.0206,253.8,204.6
Z30-127,island,Z30,21932.4,-325808.6,0.25463,73.34789,0.1185,614.5,768.5
Z30-123,island,Z30,16314.0,-325522.2,0.25662,73.29602,0.0867,444.2,372.6
Z30-122,island,Z30,-5644.1,-325278.8,0.25834,73.09964,0.1148,474.2,394.8
Z30-121,island,Z30,-5996.0,-324968.6,0.26083,73.09621,0.0255,195.9,207.9
Z30-119,island,Z30,-6177.2,-324852.6,0.26214,73.09450,0.0325,256.0,215.6
Z30-120,island,Z30,21675.2,-324980.8,0.26122,73.34482,0.0416,191.5,539.6
Z30-118,island,Z30,-6440.4,-324666.5,0.26393,73.09240,0.062,323.9,325.1
Z30-116,island,Z30,-7907.3,-324425.8,0.26603,73.07896,0.0005,33.4,25.4
Z30-115,island,Z30,-7878.0,-324418.6,0.26613,73.07922,0.0002,33.4,13.3
Z30-117,island,Z30,-6680.1,-324492.7,0.26542,73.08965,0.0482,282.8,276.4
Z30-113,island,Z30,-7945.4,-324365.3,0.26659,73.07863,0.0016,76.8,36.5
Z30-114,island,Z30,-6922.8,-324404.2,0.26615,73.08772,0.0376,179.2,293.0
Z30-112,island,Z30,25260.3,-324334.3,0.26688,73.37672,0.0301,213.7,218.9
Z30-111,island,Z30,-7361.6,-324198.2,0.26836,73.08394,0.079,379.6,336.2
Z30-109,island,Z30,-7678.5,-324060.4,0.26913,73.08128,0.0568,251.6,371.5
Z30-110,island,Z30,-8249.4,-324118.7,0.26892,73.07759,0.4398,1089.8,643.6
Z30-108,island,Z30,-9170.9,-323730.6,0.27377,73.06699,0.3733,1125.4,916.7
Z30-106,island,Z30,23027.2,-323106.5,0.27775,73.35681,0.1115,285.0,573.9
Z30-104,island,Z30,-9943.0,-322853.9,0.28031,73.06071,0.0002,23.4,23.2
Z30-105,island,Z30,-9749.4,-322928.5,0.27971,73.06268,0.0772,300.6,426.8
Z30-103,island,Z30,-9937.7,-322731.3,0.28136,73.06065,0.0164,188.1,130.5
Z30-102,island,Z30,-10055.2,-322541.7,0.28315,73.05985,0.0557,295.0,277.5
Z30-107,island,Z30,31661.5,-323152.1,0.27506,73.43102,2.2874,2410.0,2332.0
Z30-101,island,Z30,-10347.3,-322231.0,0.28559,73.05702,0.0393,260.5,232.2
Z30-100,island,Z30,-10621.8,-322115.9,0.28662,73.05460,0.0563,339.5,253.2
Z30-099,island,Z30,-10844.8,-322030.9,0.28795,73.05262,0.0157,128.0,172.5
Z30-098,island,Z30,20860.7,-321945.1,0.28846,73.33746,0.0108,129.1,137.1
Z30-097,island,Z30,5644.5,-321888.7,0.28900,73.20070,0.0024,60.1,87.4
Z30-096,island,Z30,-11121.9,-321888.1,0.28922,73.05042,0.034,244.9,312.9
Z30-094,island,Z30,-11557.4,-321722.3,0.29053,73.04619,0.0019,47.9,84.0
Z30-095,island,Z30,34293.3,-321717.5,0.29002,73.45744,0.5338,1269.0,1192.0
Z30-093,island,Z30,-12174.7,-321362.2,0.29327,73.04085,0.4135,959.6,766.3
Z30-091,island,Z30,-12632.7,-320966.7,0.29732,73.03653,0.0005,39.0,23.2
Z30-090,island,Z30,-12634.4,-320872.8,0.29816,73.03651,0.0013,45.6,53.1
Z30-092,island,Z30,-12899.1,-321063.6,0.29682,73.03382,0.1673,525.4,633.6
Z30-088,island,Z30,-12168.2,-320631.4,0.30035,73.04069,0.0008,35.6,37.6
Z30-087,island,Z30,-12281.5,-320591.2,0.30066,73.03966,0.0053,106.9,82.9
Z30-089,island,Z30,-13105.0,-320745.5,0.29933,73.03212,0.0436,299.5,475.5
Z30-084,island,Z30,-12867.3,-320466.4,0.30184,73.03443,0.0037,80.1,71.9
Z30-085,island,Z30,-13490.5,-320476.1,0.30150,73.02862,0.0402,335.1,214.5
Z30-086,island,Z30,-13231.2,-320544.4,0.30099,73.03110,0.0418,358.4,356.1
Z30-082,island,Z30,-13096.2,-320346.8,0.30295,73.03235,0.0001,12.2,12.2
Z30-083,island,Z30,29692.1,-320455.5,0.30204,73.41682,0.0389,146.9,418.0
Z30-081,island,Z30,-13684.4,-320229.0,0.30372,73.02656,0.0208,262.7,161.4
Z30-079,island,Z30,35712.8,-319954.2,0.30644,73.47082,0.0001,13.4,22.1
Z30-078,island,Z30,35731.0,-319923.7,0.30675,73.47097,0.0006,30.1,43.1
Z30-080,island,Z30,-13711.9,-320018.0,0.30597,73.02715,0.0618,365.1,320.7
Z30-076,island,Z30,35926.1,-319668.9,0.30906,73.47273,0.0004,20.0,34.3
Z30-075,island,Z30,35942.8,-319621.4,0.30951,73.47289,0.0001,12.2,12.2
Z30-077,island,Z30,29337.7,-319702.7,0.30866,73.41350,0.0356,207.1,246.6
Z30-074,island,Z30,-13739.8,-319594.9,0.30974,73.02654,0.0016,86.8,37.6
Z30-073,island,Z30,-13895.7,-319551.7,0.31032,73.02511,0.0134,185.9,115.0
Z30-072,island,Z30,36070.5,-319424.1,0.31084,73.47384,0.016,177.0,276.4
Z30-071,island,Z30,33265.6,-319275.2,0.31258,73.44877,0.0021,72.4,56.4
Z30-070,island,Z30,-13933.5,-319193.0,0.31335,73.02479,0.0143,223.8,94.0
Z30-069,island,Z30,-13936.7,-318896.0,0.31607,73.02481,0.0001,12.2,12.2
Z30-068,island,Z30,37027.4,-318732.4,0.31757,73.48263,0.0003,24.5,24.3
Z30-067,island,Z30,36988.0,-318701.6,0.31781,73.48228,0.0008,32.3,43.1
Z30-066,island,Z30,25640.7,-318569.0,0.31941,73.38070,0.0211,213.7,230.0
Z30-064,island,Z30,37075.7,-318291.2,0.32167,73.48307,0.0029,51.2,92.9
Z30-065,island,Z30,37503.1,-318383.7,0.32089,73.48674,0.126,476.4,493.2
Z30-063,island,Z30,37745.2,-318043.7,0.32377,73.48911,0.0018,75.7,44.2
Z30-061,island,Z30,-13848.8,-317898.3,0.32510,73.02584,0.017,229.3,108.4
Z30-062,island,Z30,38159.8,-317968.5,0.32433,73.49147,0.1095,573.3,372.6
Z30-060,island,Z30,37998.3,-317696.6,0.32706,73.49136,0.0068,100.2,111.7
Z30-056,island,Z30,38532.4,-317341.7,0.33006,73.49615,0.0001,13.4,23.2
Z30-057,island,Z30,-13829.2,-317492.9,0.32869,73.02575,0.0512,236.0,263.2
Z30-058,island,Z30,38703.1,-317566.2,0.32814,73.49742,0.1118,544.3,465.5
Z30-055,island,Z30,38543.5,-317322.5,0.33032,73.49625,0.0001,12.2,23.2
Z30-059,island,Z30,37488.7,-317638.5,0.32749,73.48608,0.181,899.4,861.4
Z30-053,island,Z30,39492.7,-316990.1,0.33326,73.50478,0.0001,12.2,12.2
Z30-052,island,Z30,39502.9,-316979.9,0.33338,73.50487,0.0001,10.0,10.0
Z30-054,island,Z30,38669.3,-317072.8,0.33286,73.49835,0.129,598.9,385.9
Z30-049,island,Z30,39332.3,-316783.1,0.33516,73.50334,0.0008,40.1,44.2
Z30-051,island,Z30,39526.4,-316779.3,0.33468,73.50536,0.018,134.7,303.0
Z30-048,island,Z30,31923.4,-316780.9,0.33521,73.43672,0.0567,252.7,317.4
Z30-047,island,Z30,-13698.2,-316178.8,0.34061,73.02694,0.0008,51.2,23.2
Z30-050,island,Z30,40127.4,-316666.9,0.33488,73.50797,0.7718,2056.0,1689.6
Z30-046,island,Z30,-13727.1,-315927.2,0.34287,73.02665,0.0039,101.3,64.1
Z30-045,island,Z30,-13843.5,-315897.4,0.34314,73.02566,0.0007,41.2,33.2
Z30-044,island,Z30,28374.4,-315125.0,0.35029,73.40469,0.0013,84.6,53.1
Z29-088,island,Z29,43341.3,-315129.0,0.35083,73.53963,0.2343,487.6,797.3
Z29-087,island,Z29,43628.8,-314662.3,0.35408,73.54204,0.0397,185.9,360.5
Z30-043,island,Z30,18889.5,-314335.8,0.35727,73.31968,0.019,158.1,213.4
Z30-042,island,Z30,-13825.4,-314047.1,0.35991,73.02603,0.0031,146.9,43.1
Z29-086,island,Z29,44010.2,-313684.3,0.36331,73.54554,0.0293,368.4,535.2
Z30-041,island,Z30,26884.3,-313175.6,0.36779,73.39158,0.0109,157.0,110.6
Z30-040,island,Z30,-13851.4,-313164.1,0.36797,73.02563,0.0102,175.9,91.8
Z29-085,island,Z29,44744.7,-313125.8,0.36821,73.55194,0.0019,59.0,54.2
Z30-039,island,Z30,26974.7,-313124.9,0.36819,73.39254,0.0036,121.3,84.0
Z30-038,island,Z30,-13943.2,-312918.1,0.37020,73.02474,0.0183,250.5,113.9
Z29-084,island,Z29,44878.1,-313078.8,0.36852,73.55328,0.0772,274.9,518.6
Z30-037,island,Z30,-14021.9,-312716.9,0.37194,73.02398,0.0053,149.2,94.0
Z30-036,island,Z30,-14181.2,-312545.1,0.37341,73.02249,0.0042,126.9,81.8
Z29-083,island,Z29,45106.0,-312440.8,0.37448,73.55523,0.0135,100.2,232.2
Z29-082,island,Z29,44703.2,-312400.3,0.37479,73.55158,0.2019,547.6,1172.1
Z29-080,island,Z29,38718.7,-311728.4,0.38087,73.49783,0.0008,35.6,44.2
Z29-079,island,Z29,38681.2,-311734.8,0.38090,73.49746,0.0017,44.5,59.7
Z29-078,island,Z29,38752.2,-311665.8,0.38141,73.49813,0.0001,12.2,12.2
Z29-077,island,Z29,38762.6,-311655.5,0.38155,73.49822,0.0001,12.2,12.2
Z30-035,island,Z30,-14996.4,-311434.3,0.38378,73.01560,0.031,231.5,245.5
Z29-081,island,Z29,45259.1,-311787.6,0.38037,73.55735,0.1697,355.1,1267.2
Z30-034,island,Z30,-15340.1,-311149.5,0.38608,73.01250,0.0405,216.0,341.7
Z30-032,island,Z30,-15534.3,-310508.9,0.39199,73.01044,0.0031,70.1,63.0
Z29-076,island,Z29,45161.6,-310907.4,0.38824,73.55572,0.0857,582.1,1056.0
Z30-031,island,Z30,-15747.5,-310385.9,0.39303,73.00879,0.0163,210.4,137.1
Z30-033,island,Z30,-15229.9,-310672.4,0.39098,73.01404,0.312,1116.5,670.1
Z30-029,island,Z30,-16110.0,-309985.8,0.39662,73.00527,0.0014,67.9,33.2
Z30-030,island,Z30,-15784.7,-310080.4,0.39518,73.00785,0.1112,586.6,381.5
Z30-028,island,Z30,24460.8,-309780.2,0.39846,73.36980,0.0103,108.0,141.5
Z30-027,island,Z30,24543.6,-309743.3,0.39857,73.37090,0.0065,174.8,143.7
Z30-025,island,Z30,-16143.0,-309461.9,0.40135,73.00497,0.003,109.1,39.8
Z30-026,island,Z30,-16038.8,-309571.2,0.40049,73.00647,0.0309,303.9,254.3
Z30-024,island,Z30,-16144.1,-309356.5,0.40232,73.00497,0.0007,52.3,17.7
Z29-075,island,Z29,46687.2,-308848.7,0.40695,73.56941,0.0003,24.5,23.2
Z29-074,island,Z29,46342.8,-308735.2,0.40796,73.56631,0.0001,12.2,12.2
Z29-073,island,Z29,46746.3,-308694.7,0.40829,73.56994,0.0008,28.9,74.1
Z29-072,island,Z29,46493.5,-308590.0,0.40912,73.56761,0.0234,205.9,335.0
Z29-071,island,Z29,47026.7,-308190.7,0.41256,73.57222,0.034,259.4,304.1
Z29-070,island,Z29,47002.2,-307946.1,0.41512,73.57224,0.0001,13.4,22.1
Z29-069,island,Z29,47040.7,-307859.9,0.41580,73.57273,0.0066,90.2,103.9
Z30-023,island,Z30,-16159.4,-307257.1,0.42138,73.00490,0.0112,258.3,85.1
Z29-068,island,Z29,46842.6,-307258.6,0.42101,73.57132,0.3942,489.7,1320.3
Z30-022,island,Z30,-16270.6,-306494.7,0.42860,73.00369,0.0298,163.6,233.3
Z29-067,island,Z29,46691.5,-305791.1,0.43440,73.56956,0.0232,146.9,227.8
Z30-020,island,Z30,-15740.5,-304532.6,0.44597,73.00860,0.0001,22.3,13.3
Z30-019,island,Z30,-15550.6,-304234.8,0.44866,73.01031,0.0001,23.4,12.2
Z29-066,island,Z29,46580.1,-304918.9,0.44266,73.56877,0.5045,575.5,1532.6
Z30-018,island,Z30,-16846.6,-304187.5,0.44914,72.99874,0.0446,301.7,242.2
Z30-021,island,Z30,-16224.6,-304600.4,0.44416,73.00372,0.9484,1188.9,1668.6
Z29-065,island,Z29,42880.1,-303868.2,0.45190,73.53518,0.0218,184.8,153.7
Z30-017,island,Z30,-16725.9,-303837.5,0.45202,72.99964,0.0215,290.5,182.5
Z30-016,island,Z30,-17038.1,-303613.2,0.45425,72.99694,0.0004,32.3,23.2
Z30-015,island,Z30,-16729.3,-303488.2,0.45522,72.99968,0.0186,188.1,164.8
Z30-014,island,Z30,-16799.9,-303073.7,0.45892,72.99843,0.3685,752.5,859.2
Z29-064,island,Z29,46098.8,-302799.8,0.46132,73.56416,0.1262,389.6,530.8
Z30-013,island,Z30,565.6,-302693.9,0.46249,73.15488,0.0552,295.0,285.3
Z29-063,island,Z29,45877.6,-302274.2,0.46676,73.56206,0.0047,56.8,144.9
Z29-062,island,Z29,45254.0,-300885.6,0.47764,73.55853,0.3834,950.7,1203.1
Z30-011,island,Z30,2496.4,-299114.5,0.49475,73.17239,0.0119,102.4,185.8
Z30-012,island,Z30,-17261.6,-299880.2,0.48731,72.99364,1.6764,1171.0,2060.0
Z30-010,island,Z30,-17848.1,-298921.1,0.49650,72.98939,0.0307,384.0,129.4
Z30-009,island,Z30,-17865.8,-298483.7,0.50067,72.98950,0.0001,12.2,12.2
Z29-058,island,Z29,38887.6,-297872.4,0.50611,73.49946,0.0024,106.9,70.8
Z29-059,island,Z29,38708.5,-297895.5,0.50582,73.49793,0.0371,328.4,195.7
Z29-057,island,Z29,38741.7,-297822.6,0.50662,73.49804,0.0007,51.2,23.2
Z29-060,island,Z29,33816.2,-297944.1,0.50562,73.45415,0.0633,347.3,280.9
Z29-061,island,Z29,44449.9,-298726.1,0.49959,73.54830,1.0668,1279.1,1840.0
Z30-008,island,Z30,-17736.0,-297876.2,0.50637,72.99020,0.0388,198.1,387.0
Z30-007,island,Z30,-248.9,-297372.0,0.51082,73.14756,0.0154,221.5,196.8
Z29-056,island,Z29,43692.1,-297092.4,0.51362,73.54232,0.0233,139.2,311.8
Z30-006,island,Z30,-17311.8,-296738.7,0.51644,72.99448,0.0014,43.4,39.8
Z30-004,island,Z30,-17324.0,-296594.4,0.51770,72.99436,0.0016,40.1,60.8
Z30-005,island,Z30,-17551.5,-296635.4,0.51693,72.99196,0.0164,128.0,239.9
Z29-055,island,Z29,7417.4,-296473.9,0.51887,73.21637,0.016,165.9,206.8
Z29-054,island,Z29,43409.3,-296190.5,0.52135,73.54003,0.0249,168.1,349.4
Z30-003,island,Z30,-8403.7,-296021.3,0.52300,73.07442,0.0439,181.4,328.4
Z29-053,island,Z29,43116.0,-295226.4,0.53004,73.53723,0.0114,104.6,226.7
Z29-052,island,Z29,4508.6,-294804.9,0.53367,73.19026,0.067,308.3,390.3
Z29-051,island,Z29,22002.3,-294104.1,0.54035,73.34765,0.0027,53.4,73.0
Z29-050,island,Z29,21851.9,-294063.6,0.54054,73.34631,0.0162,212.6,112.8
Z29-049,island,Z29,-2874.6,-294008.3,0.54112,73.12411,0.0127,145.8,110.6
Z30-002,island,Z30,-16942.4,-295014.1,0.53215,72.99712,1.7865,1436.0,2157.3
Z30-001,island,Z30,-6104.4,-294203.0,0.54029,73.09534,0.0666,189.2,535.2
Z29-048,island,Z29,42809.2,-293766.3,0.54244,73.53479,0.0732,188.2,964.2
Z29-047,island,Z29,10245.7,-292293.3,0.55685,73.24265,0.2103,628.9,529.7
Z29-046,island,Z29,41848.6,-291589.1,0.56267,73.52590,0.1938,565.5,707.7
Z29-045,island,Z29,41157.0,-290861.6,0.56962,73.52008,0.0336,260.5,186.9
Z29-044,island,Z29,4802.4,-290785.0,0.57026,73.19314,0.0007,35.6,33.2
Z29-043,island,Z29,41242.0,-290740.8,0.57071,73.52054,0.0003,33.4,23.2
Z29-042,island,Z29,4642.8,-290658.5,0.57134,73.19178,0.0455,239.3,262.1
Z29-041,island,Z29,40452.5,-289233.7,0.58416,73.51305,0.1014,688.0,786.2
Z29-040,island,Z29,-6280.6,-288967.8,0.58675,73.09352,0.0402,207.0,280.9
Z29-039,island,Z29,39027.7,-287962.1,0.59572,73.50060,0.0445,249.3,249.9
Z29-037,island,Z29,17753.9,-286997.2,0.60443,73.30949,0.0315,199.3,212.3
Z29-038,island,Z29,37493.0,-287078.1,0.60394,73.48674,0.1523,864.9,519.7
Z29-036,island,Z29,34668.4,-285239.4,0.62083,73.46197,0.2818,874.9,638.0
Z29-035,island,Z29,21655.2,-284165.3,0.63004,73.34481,0.011,211.5,189.1
Z29-034,island,Z29,33021.6,-283533.6,0.63646,73.44670,0.5192,1044.2,1258.4
Z29-033,island,Z29,32407.6,-281470.8,0.65434,73.44115,0.0041,66.8,103.9
Z29-032,island,Z29,32130.0,-280995.4,0.65912,73.43864,0.0874,301.7,608.2
Z29-031,island,Z29,24299.5,-279809.0,0.66952,73.36830,0.0016,50.1,54.2
Z29-030,island,Z29,32129.3,-279529.7,0.67177,73.43852,0.0345,112.4,497.6
Z29-029,island,Z29,5759.3,-278188.9,0.68415,73.20173,0.0019,83.5,29.9
Z29-027,island,Z29,13075.8,-277697.5,0.68862,73.26746,0.0006,41.2,23.2
Z29-028,island,Z29,13004.0,-277713.1,0.68853,73.26676,0.0049,103.5,85.1
Z29-026,island,Z29,32441.7,-277455.6,0.69046,73.44143,0.1701,215.9,1499.4
Z29-025,island,Z29,32381.0,-276690.3,0.69776,73.44091,0.0001,12.2,12.2
Z29-024,island,Z29,32316.5,-276062.3,0.70320,73.44032,0.0298,142.5,353.8
Z29-023,island,Z29,15138.3,-274935.7,0.71375,73.28555,0.0124,181.4,112.8
Z29-022,island,Z29,32191.1,-274939.4,0.71376,73.43955,0.4687,534.3,1372.2
Z29-021,island,Z29,15059.2,-273451.0,0.72698,73.28513,0.0155,134.7,158.1
Z29-020,island,Z29,31614.0,-272702.3,0.73396,73.43329,0.7055,934.0,2024.6
Z29-019,island,Z29,31752.9,-270179.1,0.75564,73.43571,1.0406,879.4,1862.1
Z29-018,island,Z29,31090.2,-268993.7,0.76783,73.42922,0.0253,193.7,308.5
Z29-017,island,Z29,8356.2,-265963.8,0.79468,73.22508,0.009,113.5,133.8
Z29-016,island,Z29,6370.5,-264054.1,0.81202,73.20725,0.0016,53.4,54.2
Z29-015,island,Z29,5855.8,-263238.0,0.81981,73.20222,0.0805,457.5,456.7
Z29-014,island,Z29,3965.2,-261366.1,0.83697,73.18430,0.3388,879.3,1096.9
Z29-013,island,Z29,3266.1,-260361.9,0.84544,73.17948,0.0149,269.4,108.4
Z29-012,island,Z29,6444.7,-260270.1,0.84626,73.20791,0.0002,33.4,13.3
Z29-010,island,Z29,6436.2,-260244.7,0.84652,73.20786,0.0002,23.4,23.2
Z29-011,island,Z29,28739.6,-260254.5,0.84633,73.40871,0.1477,449.7,871.3
Z29-009,island,Z29,10283.7,-259974.9,0.84882,73.24256,0.065,280.5,338.4
Z29-008,island,Z29,6599.1,-259428.7,0.85372,73.20937,0.0276,263.8,155.9
Z29-007,island,Z29,3279.7,-259022.3,0.85751,73.17947,0.0015,56.8,44.2
Z29-006,island,Z29,4472.7,-258041.9,0.86610,73.19044,0.0201,184.8,164.8
Z29-005,island,Z29,10549.5,-257401.8,0.87308,73.24447,0.0427,209.3,391.4
Z29-004,island,Z29,11724.2,-257178.6,0.87430,73.25549,0.0146,174.8,123.8
Z29-003,island,Z29,20731.7,-255970.3,0.88523,73.33648,0.029,309.4,179.1
Z29-002,island,Z29,22212.8,-254699.5,0.89662,73.34976,0.0031,145.8,39.8
Z29-001,island,Z29,22170.4,-254648.1,0.89710,73.34919,0.0001,12.2,12.2
Z28-081,island,Z28,22492.1,-156961.2,1.78056,73.35215,0.0001,13.4,22.1
Z28-080,island,Z28,22721.5,-156958.3,1.78061,73.35453,0.0139,319.3,140.4
Z28-078,island,Z28,26446.6,-156454.2,1.78511,73.38774,0.0073,122.4,107.3
Z28-077,island,Z28,25173.2,-156349.8,1.78612,73.37621,0.0031,83.4,53.1
Z28-079,island,Z28,24376.5,-156643.1,1.78264,73.36631,0.8248,1928.2,829.3
Z28-075,island,Z28,25107.7,-156189.2,1.78772,73.37569,0.0049,91.2,133.8
Z28-074,island,Z28,22496.1,-156143.2,1.78797,73.35208,0.0484,499.6,140.4
Z28-072,island,Z28,21164.1,-156015.3,1.78882,73.33925,0.0166,371.6,125.0
Z28-071,island,Z28,25490.6,-155936.9,1.78973,73.37910,0.0001,13.4,22.1
Z28-073,island,Z28,20236.8,-156046.5,1.78844,73.33184,0.0944,537.4,347.2
Z28-070,island,Z28,25501.5,-155907.7,1.79004,73.37919,0.0004,10.0,39.8
Z28-069,island,Z28,25512.1,-155863.5,1.79055,73.37929,0.0004,12.2,64.1
Z28-068,island,Z28,20485.5,-155726.2,1.79171,73.33419,0.0054,139.1,64.1
Z28-076,island,Z28,25701.6,-156327.7,1.78630,73.38289,0.5781,967.9,1429.7
Z28-067,island,Z28,26238.0,-155631.2,1.79262,73.38558,0.0451,268.2,345.0
Z28-065,island,Z28,16759.7,-155131.7,1.79698,73.30064,0.0026,71.2,57.5
Z28-064,island,Z28,16528.8,-154764.0,1.80044,73.29859,0.0002,23.4,23.2
Z28-066,island,Z28,26387.2,-155258.6,1.79680,73.38879,0.968,1860.3,969.8
Z28-063,island,Z28,16402.8,-154815.1,1.80068,73.29474,0.2537,1407.5,837.1
Z28-062,island,Z28,15692.3,-154208.8,1.80548,73.29104,0.0012,30.0,64.1
Z28-061,island,Z28,15113.5,-153669.8,1.81040,73.28592,0.0098,133.5,154.8
Z28-060,island,Z28,24014.9,-153134.9,1.81517,73.36587,0.0002,24.5,24.3
Z28-059,island,Z28,14358.7,-152921.0,1.81683,73.27897,0.0303,239.2,206.8
Z28-058,island,Z28,28297.6,-152873.0,1.81694,73.40503,0.1448,595.3,588.3
Z28-057,island,Z28,26682.1,-152836.0,1.81789,73.38915,0.2056,511.9,907.8
Z28-055,island,Z28,13838.6,-152424.1,1.82148,73.27409,0.0197,240.3,168.1
Z28-054,island,Z28,27159.5,-152297.7,1.82282,73.39424,0.05,283.7,288.6
Z28-053,island,Z28,14661.3,-152127.1,1.82430,73.28168,0.0115,228.1,165.9
Z28-056,island,Z28,33552.7,-152472.7,1.82133,73.45186,0.6267,1738.9,1115.7
Z28-052,island,Z28,14264.9,-151864.6,1.82665,73.27826,0.0089,152.4,126.1
Z28-051,island,Z28,13510.7,-151791.4,1.82729,73.27138,0.0155,179.1,160.3
Z28-050,island,Z28,13521.5,-151177.9,1.83288,73.27145,0.008,154.7,113.9
Z28-048,island,Z28,12065.9,-150171.8,1.84195,73.25846,0.0039,97.9,73.0
Z28-047,island,Z28,11872.4,-149906.2,1.84429,73.25681,0.0087,149.1,131.6
Z28-049,island,Z28,38745.4,-151340.5,1.83497,73.50321,1.5677,2754.4,3004.3
Z28-046,island,Z28,11731.1,-149383.3,1.84920,73.25554,0.0277,269.3,182.5
Z28-045,island,Z28,41422.8,-148156.3,1.86098,73.52184,1.0138,1054.5,1918.5
Z28-044,island,Z28,10257.6,-145314.7,1.88535,73.24339,0.3563,1023.6,802.8
Z28-042,island,Z28,11704.4,-142796.4,1.90831,73.25488,0.0433,114.6,795.0
Z28-041,island,Z28,11531.4,-141625.9,1.91921,73.25361,0.0107,105.7,194.6
Z28-043,island,Z28,43126.8,-143305.8,1.90499,73.53927,6.6389,3491.1,8345.2
Z28-039,island,Z28,43428.3,-138658.2,1.94606,73.54035,0.0001,11.1,12.2
Z28-040,island,Z28,43457.2,-138836.1,1.94440,73.54067,0.0235,110.1,395.9
Z28-038,island,Z28,12409.8,-138095.8,1.95117,73.26158,0.0002,23.4,23.2
Z28-037,island,Z28,43427.9,-138010.2,1.95185,73.54032,0.0099,77.9,226.7
Z28-036,island,Z28,43420.1,-137238.4,1.95881,73.54044,0.0414,333.8,248.8
Z28-035,island,Z28,43462.1,-136241.4,1.96831,73.54052,0.6219,777.8,1644.3
Z28-034,island,Z28,43111.1,-135044.1,1.97873,73.53753,0.0313,146.9,317.4
Z28-033,island,Z28,43089.5,-134120.7,1.98688,73.53772,0.1801,548.5,575.0
Z28-032,island,Z28,42931.8,-133628.6,1.99175,73.53578,0.0252,94.6,341.7
Z28-031,island,Z28,42836.4,-132794.9,1.99867,73.53499,0.0495,141.3,516.4
Z28-030,island,Z28,42762.5,-131456.7,2.01121,73.53448,0.1969,287.1,1221.9
Z28-029,island,Z28,23212.7,-130756.7,2.01765,73.35890,0.0431,371.6,174.7
Z28-027,island,Z28,42483.9,-129451.3,2.02928,73.53187,0.0022,59.0,74.1
Z28-026,island,Z28,42340.9,-129428.5,2.02955,73.53048,0.0048,74.5,117.2
Z28-028,island,Z28,42599.9,-129567.3,2.02796,73.53301,0.3205,608.6,1151.1
Z28-025,island,Z28,42452.4,-128919.2,2.03392,73.53097,0.0728,460.5,476.6
Z28-024,island,Z28,42546.5,-127920.2,2.04317,73.53244,0.0001,12.2,12.2
Z28-023,island,Z28,42561.4,-127615.5,2.04602,73.53252,0.0046,73.4,92.9
Z28-022,island,Z28,42426.2,-127310.2,2.04870,73.53136,0.0001,12.2,22.1
Z28-021,island,Z28,42537.3,-127238.6,2.04965,73.53240,0.0223,144.6,242.2
Z28-020,island,Z28,42732.0,-126700.9,2.05466,73.53436,0.0528,271.4,387.0
Z28-019,island,Z28,42951.1,-126448.9,2.05652,73.53609,0.0263,231.5,340.6
Z28-017,island,Z28,43023.3,-126245.6,2.05829,73.53663,0.0167,204.7,147.1
Z28-018,island,Z28,42686.5,-126266.3,2.05812,73.53380,0.0104,85.6,211.2
Z28-016,island,Z28,42857.9,-125968.5,2.06089,73.53528,0.0006,32.3,55.3
Z28-015,island,Z28,42990.0,-125960.4,2.06101,73.53642,0.0242,239.2,144.9
Z28-014,island,Z28,42894.6,-125892.3,2.06156,73.53558,0.0003,13.4,43.1
Z28-013,island,Z28,43018.2,-125516.5,2.06489,73.53669,0.0086,104.6,122.7
Z28-011,island,Z28,43189.3,-125074.2,2.06887,73.53823,0.0006,27.8,43.1
Z28-012,island,Z28,43285.9,-125118.0,2.06846,73.53911,0.0124,143.5,128.3
Z28-010,island,Z28,43224.7,-124515.2,2.07400,73.53855,0.0002,13.4,33.2
Z28-008,island,Z28,43355.5,-124235.5,2.07649,73.53972,0.0001,12.2,12.2
Z28-007,island,Z28,43214.2,-124180.5,2.07706,73.53846,0.0003,14.5,53.1
Z28-009,island,Z28,43442.5,-124416.4,2.07495,73.54050,0.1523,400.5,691.1
Z28-006,island,Z28,43331.4,-124032.0,2.07840,73.53948,0.0006,33.4,43.1
Z28-005,island,Z28,43578.0,-123775.2,2.08089,73.54215,0.1826,570.8,615.9
Z28-004,island,Z28,43564.4,-123132.3,2.08647,73.54161,0.0001,12.2,12.2
Z28-003,island,Z28,43873.0,-122489.6,2.09357,73.54536,0.4744,748.3,1967.1
Z28-002,island,Z28,43679.0,-119917.1,2.11533,73.54169,0.0583,519.5,195.7
Z28-001,island,Z28,46729.1,-119491.9,2.11893,73.56467,3.4095,3829.8,3024.3
Z27-061,island,Z27,-9668.8,-114520.7,2.16429,73.06306,0.0055,86.8,113.9
Z27-059,island,Z27,-12971.1,-114168.7,2.16749,73.03370,0.05,377.1,295.2
Z27-057,island,Z27,-10845.4,-114080.2,2.16858,73.05365,0.0428,559.5,211.2
Z27-060,island,Z27,-14009.5,-114153.5,2.16731,73.02375,0.3206,1093.5,703.3
Z27-056,island,Z27,-15317.1,-114050.2,2.16866,73.01267,0.0672,308.1,488.7
Z27-055,island,Z27,-14952.6,-113886.7,2.17016,73.01581,0.0359,281.4,195.7
Z27-058,island,Z27,-9247.6,-114006.9,2.16832,73.06517,0.3466,861.0,962.0
Z27-054,island,Z27,-7803.8,-113718.8,2.17181,73.08004,0.2701,683.0,889.0
Z27-053,island,Z27,-19403.5,-112006.6,2.18703,72.97558,0.0194,298.1,207.9
Z27-052,island,Z27,-6082.7,-112085.3,2.18710,73.09551,0.4085,843.2,733.1
Z27-051,island,Z27,-20147.8,-111344.4,2.19336,72.96842,0.0317,321.5,236.6
Z27-050,island,Z27,-4201.5,-111137.3,2.19550,73.11134,0.584,1511.7,1196.4
Z27-049,island,Z27,-2317.5,-110736.6,2.19844,73.12876,0.2289,585.1,619.2
Z27-048,island,Z27,-916.2,-109703.2,2.20787,73.14177,0.0001,12.2,12.2
Z27-047,island,Z27,-905.8,-109692.9,2.20801,73.14186,0.0001,12.2,12.2
Z27-045,island,Z27,-41.8,-109294.4,2.21149,73.14958,0.0231,280.3,192.4
Z27-046,island,Z27,-108.1,-109582.8,2.20914,73.15107,0.6415,1941.1,1459.6
Z27-044,island,Z27,7032.0,-104766.2,2.25279,73.21335,0.1235,561.7,421.3
Z27-043,island,Z27,7601.7,-104103.1,2.25857,73.21834,0.0035,91.2,113.9
Z27-042,island,Z27,8518.0,-103312.7,2.26586,73.22662,0.0066,94.5,97.3
Z27-041,island,Z27,-23958.8,-103181.3,2.26708,72.93416,0.0228,449.3,391.4
Z27-040,island,Z27,9273.1,-102818.7,2.27023,73.23343,0.0004,34.5,33.2
Z27-039,island,Z27,-24265.0,-102660.0,2.27102,72.93077,0.2165,666.3,533.0
Z27-038,island,Z27,11674.4,-101544.6,2.28167,73.25473,0.0175,159.1,181.3
Z27-037,island,Z27,-23115.6,-100381.9,2.29142,72.94193,0.2304,470.5,635.8
Z27-036,island,Z27,14079.9,-100090.7,2.29519,73.27678,0.0267,199.1,223.4
Z27-035,island,Z27,15017.4,-99455.9,2.30056,73.28501,0.0051,89.0,94.0
Z27-034,island,Z27,15746.4,-98897.1,2.30565,73.29171,0.0126,195.8,163.7
Z27-032,island,Z27,16492.0,-98249.0,2.31145,73.29826,0.0013,54.5,48.7
Z27-033,island,Z27,16511.0,-98320.1,2.31079,73.29847,0.0667,497.2,430.1
Z27-031,island,Z27,-22880.1,-97800.7,2.31515,72.94388,0.1244,396.0,530.8
Z27-028,island,Z27,-20895.8,-96586.6,2.32648,72.96207,0.0086,121.2,112.8
Z27-029,island,Z27,18772.2,-96783.8,2.32492,73.31966,0.3128,975.5,561.7
Z27-030,island,Z27,-25906.0,-97362.9,2.32126,72.91705,0.7175,595.0,1642.1
Z27-027,island,Z27,20859.8,-95088.3,2.33997,73.33782,0.2594,681.8,907.8
Z27-026,island,Z27,21282.1,-94764.4,2.34370,73.34097,0.0327,178.0,324.0
Z27-025,island,Z27,21487.3,-94466.0,2.34670,73.34290,0.0432,248.1,339.5
Z27-024,island,Z27,22779.8,-93342.4,2.35677,73.35432,0.207,531.6,917.8
Z27-023,island,Z27,23511.8,-92766.0,2.36184,73.36202,0.05,368.1,461.1
Z27-022,island,Z27,23720.4,-92357.1,2.36487,73.36302,0.0153,260.3,151.5
Z27-021,island,Z27,23473.1,-90730.2,2.37950,73.36105,0.0001,12.2,12.2
Z27-020,island,Z27,23462.7,-90657.2,2.38018,73.36095,0.0001,13.3,23.2
Z27-019,island,Z27,23472.7,-90577.6,2.38090,73.36104,0.0001,13.3,23.2
Z27-018,island,Z27,23472.7,-90517.9,2.38144,73.36104,0.0001,13.3,23.2
Z27-017,island,Z27,23495.1,-88833.9,2.40206,73.36132,0.5623,730.0,4529.2
Z27-016,island,Z27,22670.7,-84774.0,2.43337,73.35380,0.011,164.7,356.1
Z27-015,island,Z27,22176.6,-83761.0,2.44253,73.34938,0.0073,145.7,173.6
Z27-012,island,Z27,11502.3,-76690.0,2.50645,73.25343,0.0006,30.0,19.9
Z27-013,island,Z27,11700.6,-76751.7,2.50567,73.25615,0.0586,453.8,211.2
Z27-014,island,Z27,17538.6,-76919.0,2.50307,73.30895,0.555,807.5,1084.8
Z27-011,island,Z27,9186.1,-75807.0,2.51460,73.23255,0.0172,122.3,235.5
Z27-010,island,Z27,8520.5,-75158.8,2.52060,73.22661,0.0132,173.5,111.7
Z27-009,island,Z27,-18051.2,-73978.6,2.53122,72.98766,0.0099,151.2,91.8
Z27-008,island,Z27,3301.5,-73158.4,2.53848,73.17963,0.0205,183.5,153.7
Z27-007,island,Z27,2890.5,-73066.6,2.53930,73.17608,0.0151,149.0,157.0
Z27-006,island,Z27,494.6,-72193.0,2.54706,73.15448,0.0427,198.0,330.6
Z27-005,island,Z27,-5557.6,-71025.8,2.55756,73.09986,0.0124,198.0,76.3
Z27-004,island,Z27,-4805.9,-70935.9,2.55870,73.10600,0.3181,1392.3,311.8
Z27-001,island,Z27,-8388.1,-70467.1,2.56275,73.07457,0.0001,12.2,12.2
Z27-002,island,Z27,-8318.0,-70467.1,2.56275,73.07520,0.0001,12.2,12.2
Z27-003,island,Z27,-7809.6,-70480.1,2.56257,73.07901,0.0281,729.5,96.2
Z26-054,island,Z26,-28970.4,-58723.9,2.67022,72.89071,1.4743,2418.6,1260.6
Z26-053,island,Z26,-24670.8,-57710.2,2.67684,72.92776,0.1096,375.8,586.1
Z26-052,island,Z26,-24474.7,-57577.5,2.67933,72.93002,0.0033,130.1,87.4
Z26-051,island,Z26,-23893.9,-57205.7,2.68229,72.93460,0.0579,672.8,515.3
Z26-050,island,Z26,-32406.1,-56554.4,2.68800,72.85955,0.0824,723.8,472.2
Z26-049,island,Z26,-20681.2,-55742.5,2.69566,72.96455,0.2123,953.0,456.7
Z26-048,island,Z26,-33178.8,-55733.6,2.69664,72.85104,0.0213,241.2,312.9
Z26-047,island,Z26,-29709.5,-54805.6,2.70436,72.88278,0.0051,117.9,109.5
Z26-046,island,Z26,-18605.6,-54663.0,2.70564,72.98267,0.0012,38.9,55.3
Z26-045,island,Z26,-18096.9,-54061.7,2.71153,72.98740,0.0356,374.8,351.6
Z26-044,island,Z26,-16336.6,-52479.4,2.72573,73.00333,0.0907,362.5,450.0
Z26-043,island,Z26,-29113.8,-51927.4,2.73037,72.88818,0.0098,117.9,123.8
Z26-042,island,Z26,-15096.3,-51428.5,2.73495,73.01427,0.0002,23.4,23.2
Z26-041,island,Z26,-15069.6,-51395.4,2.73518,73.01448,0.0001,12.2,12.2
Z26-040,island,Z26,-15055.1,-51211.7,2.73807,73.01638,0.2429,1187.7,1593.4
Z26-039,island,Z26,-14420.1,-50014.4,2.74795,73.02033,0.0684,224.6,565.0
Z26-038,island,Z26,-29173.3,-49747.7,2.75012,72.88770,0.023,179.0,193.5
Z26-037,island,Z26,-14172.7,-49219.0,2.75502,73.02251,0.0246,167.9,182.5
Z26-036,island,Z26,-14092.8,-49019.9,2.75658,73.02321,0.001,42.3,43.1
Z25-042,island,Z25,30162.5,-48088.3,2.76570,73.42153,0.0643,265.7,461.1
Z26-035,island,Z26,-13988.5,-47874.2,2.76678,73.02414,0.0323,147.9,261.0
Z25-041,island,Z25,30068.4,-47407.0,2.77120,73.42040,0.002,52.3,63.0
Z26-034,island,Z26,-13873.5,-46668.4,2.77790,73.02518,0.0083,112.3,120.5
Z26-031,island,Z26,-13726.8,-46266.9,2.78172,73.02651,0.0018,72.3,44.2
Z26-032,island,Z26,-13613.3,-46265.2,2.78161,73.02755,0.0046,154.6,52.0
Z25-039,island,Z25,24694.2,-46415.1,2.78036,73.37344,0.0816,445.9,504.2
Z26-033,island,Z26,-13841.1,-46310.0,2.78131,73.02497,0.0442,166.8,451.2
Z25-038,island,Z25,30834.3,-46066.2,2.78338,73.42731,0.0028,82.3,63.0
Z25-040,island,Z25,30535.9,-46813.2,2.77724,73.42494,0.5808,855.9,1514.9
Z25-037,island,Z25,30597.2,-45891.6,2.78500,73.42519,0.0001,12.2,12.2
Z25-035,island,Z25,30607.2,-45842.6,2.78544,73.42528,0.0001,12.2,12.2
Z25-036,island,Z25,30844.6,-45873.8,2.78523,73.42743,0.0028,56.7,73.0
Z26-030,island,Z26,-13792.3,-45642.7,2.78733,73.02587,0.0477,203.5,336.2
Z26-029,island,Z26,-13786.2,-45261.7,2.79056,73.02617,0.006,147.9,63.0
Z25-034,island,Z25,30832.6,-45511.7,2.78790,73.42732,0.1566,355.7,745.3
Z25-032,island,Z25,30826.8,-44909.6,2.79383,73.42723,0.0008,34.5,54.2
Z25-033,island,Z25,30947.5,-44955.7,2.79357,73.42830,0.0294,231.3,207.9
Z26-028,island,Z26,-13779.5,-44931.6,2.79396,73.02601,0.033,234.6,212.3
Z26-027,island,Z26,-13833.4,-44494.0,2.79787,73.02556,0.0341,172.4,307.4
Z25-031,island,Z25,31379.0,-44441.5,2.79811,73.43251,0.0721,287.9,486.5
Z26-026,island,Z26,-13778.1,-44120.9,2.80133,73.02592,0.018,187.9,149.3
Z26-025,island,Z26,-13715.9,-43847.2,2.80365,73.02645,0.0116,183.5,97.3
Z25-030,island,Z25,31516.8,-43857.6,2.80416,73.43414,0.0764,313.5,567.3
Z25-029,island,Z25,32651.7,-42262.3,2.81862,73.44385,0.0354,311.2,557.3
Z25-028,island,Z25,33620.3,-41387.7,2.82516,73.45193,0.0178,329.0,358.3
Z25-027,island,Z25,42810.0,-38426.6,2.85247,73.53498,0.0106,103.4,158.1
Z25-026,island,Z25,43194.8,-38277.5,2.85407,73.53866,0.0531,408.1,186.9
Z26-024,island,Z26,-13877.6,-38026.5,2.85621,73.02537,0.0215,243.5,220.0
Z26-023,island,Z26,-33722.1,-37777.3,2.85846,72.84683,0.1964,907.3,385.9
Z25-025,island,Z25,44942.6,-37587.0,2.86005,73.55423,0.001,58.9,33.2
Z25-024,island,Z25,44947.5,-37536.7,2.86052,73.55428,0.0012,48.9,37.6
Z26-022,island,Z26,-23975.0,-35595.5,2.87796,72.93451,0.0017,85.6,47.5
Z26-021,island,Z26,-24200.3,-35417.5,2.87957,72.93265,0.0116,263.5,171.4
Z26-020,island,Z26,-13813.8,-35178.1,2.88182,73.02577,0.003,66.7,68.6
Z26-019,island,Z26,-34709.1,-34865.1,2.88398,72.83754,0.1855,355.9,670.1
Z25-023,island,Z25,47333.7,-34729.0,2.88649,73.57598,0.0698,176.6,813.8
Z26-018,island,Z26,-27130.3,-33722.7,2.89524,72.90590,0.0122,260.1,202.4
Z25-022,island,Z25,47511.9,-33655.0,2.89559,73.57747,0.1195,216.8,865.8
Z25-021,island,Z25,25496.6,-33318.8,2.89814,73.37931,0.101,339.1,465.5
Z26-017,island,Z26,-31603.2,-31946.4,2.91115,72.86615,0.0747,445.8,272.0
Z25-020,island,Z25,47861.8,-31509.2,2.91505,73.58050,0.0003,10.0,29.9
Z26-016,island,Z26,-29635.2,-31209.0,2.91727,72.88428,0.0499,401.3,246.6
Z26-015,island,Z26,-13621.5,-30535.1,2.92388,73.02731,0.0036,115.6,53.1
Z25-019,island,Z25,47927.2,-31085.0,2.91870,73.58099,0.3971,774.4,1559.1
Z26-014,island,Z26,-28267.7,-30539.8,2.92451,72.89560,0.1549,610.3,385.9
Z25-018,island,Z25,48454.1,-30298.7,2.92585,73.58580,0.0103,113.4,133.8
Z26-013,island,Z26,-21109.4,-29701.5,2.93137,72.96013,0.0001,12.2,12.2
Z26-011,island,Z26,-21019.3,-29353.1,2.93457,72.96094,0.0001,12.2,11.1
Z26-012,island,Z26,-21031.5,-29532.1,2.93305,72.96092,0.0159,131.2,351.6
Z26-010,island,Z26,-21011.3,-29297.4,2.93504,72.96101,0.0007,34.5,44.2
Z26-009,island,Z26,-17742.1,-29069.9,2.93648,72.99050,0.2231,598.1,536.3
Z26-008,island,Z26,-26139.2,-27897.9,2.94768,72.91479,0.0481,327.9,183.6
Z25-016,island,Z25,46688.3,-27620.5,2.95019,73.56997,0.0009,37.8,43.1
Z25-015,island,Z25,46647.6,-27588.3,2.95045,73.56962,0.0002,23.4,22.1
Z25-017,island,Z25,48232.9,-27994.3,2.94641,73.58515,0.6295,1095.2,1240.7
Z26-007,island,Z26,-18280.9,-26876.9,2.95671,72.98553,0.0375,287.9,186.9
Z25-014,island,Z25,50104.2,-26843.0,2.95646,73.60022,0.3864,667.7,1377.8
Z26-006,island,Z26,-22609.5,-26259.3,2.96275,72.94690,0.0256,167.9,202.4
Z26-005,island,Z26,-22590.9,-26140.5,2.96352,72.94715,0.0031,181.2,66.3
Z26-004,island,Z26,-17675.7,-25335.6,2.97050,72.99086,0.0577,316.9,331.7
Z26-003,island,Z26,-14916.6,-24348.9,2.97968,73.01593,0.049,303.5,336.2
Z26-002,island,Z26,-15960.0,-22364.3,2.99850,73.00695,0.1291,469.2,478.8
Z26-001,island,Z26,-16623.7,-21780.5,3.00321,73.00056,0.0428,239.1,362.7
Z25-013,island,Z25,52101.6,-19242.9,3.02607,73.61867,0.0015,35.6,74.1
Z24-012,island,Z24,-29554.5,-15794.3,3.05719,72.88413,0.0001,12.2,11.1
Z24-013,island,Z24,-29082.9,-15867.3,3.05612,72.88936,0.5367,1037.1,832.6
Z24-011,island,Z24,-25011.3,-15191.9,3.06293,72.92660,0.342,1209.5,432.4
Z25-012,island,Z25,54705.9,-14397.9,3.06987,73.64212,0.0019,67.8,66.3
Z25-011,island,Z25,54702.8,-14335.3,3.07034,73.64211,0.0006,33.3,33.2
Z24-010,island,Z24,-20749.4,-13464.2,3.07877,72.96446,0.194,836.0,523.0
Z25-010,island,Z25,54314.6,-13175.8,3.08118,73.63864,0.1372,291.1,653.5
Z25-009,island,Z25,54352.2,-12212.5,3.08921,73.63952,0.2351,494.8,853.6
Z25-008,island,Z25,47012.4,-10525.5,3.10486,73.57310,0.0747,287.8,499.8
Z25-007,island,Z25,46025.6,-9815.1,3.11126,73.56407,0.0001,12.2,12.2
Z25-006,island,Z25,46173.5,-9736.4,3.11203,73.56562,0.1039,391.3,419.1
Z24-009,island,Z24,-18495.4,-8999.1,3.11857,72.98400,0.2918,689.1,717.6
Z24-008,island,Z24,-14651.1,-7291.1,3.13406,73.01819,0.0005,25.6,33.2
Z25-005,island,Z25,31676.4,-2704.3,3.17562,73.43497,0.001,64.5,34.3
Z25-003,island,Z25,32743.4,-2637.0,3.17615,73.44460,0.0011,91.1,24.3
Z25-004,island,Z25,32507.6,-2636.5,3.17614,73.44257,0.0158,279.0,86.2
Z25-002,island,Z25,33619.8,-2575.9,3.17679,73.45321,0.0251,669.1,91.8
Z25-001,island,Z25,34109.7,-2539.6,3.17707,73.45692,0.001,93.4,23.2
Z24-007,island,Z24,-12511.7,1447.0,3.21312,73.03691,0.1615,648.0,383.7
Z23-005,island,Z23,30729.7,2325.2,3.22110,73.42651,0.0014,47.8,43.1
Z24-006,island,Z24,-34918.8,4733.8,3.24286,72.83577,0.0138,150.0,132.7
Z24-005,island,Z24,-18991.3,4783.3,3.24327,72.97909,0.0049,116.7,63.0
Z24-004,island,Z24,-34916.5,4827.5,3.24373,72.83569,0.0013,94.5,31.0
Z24-003,island,Z24,-36812.5,6022.9,3.25438,72.81894,0.0867,385.8,729.8
Z24-002,island,Z24,-24567.5,6465.8,3.25843,72.92893,0.001,30.0,67.5
Z24-001,island,Z24,-16422.5,7704.7,3.26991,73.00230,0.1498,497.9,422.4
Z23-004,island,Z23,33432.0,8127.1,3.27346,73.45091,0.0037,133.4,67.5
Z23-003,island,Z23,33307.0,8178.0,3.27391,73.44976,0.0031,123.4,59.7
Z23-002,island,Z23,32639.5,8468.7,3.27637,73.44406,0.0651,1173.8,471.1
Z23-001,island,Z23,31857.6,8746.6,3.27909,73.43663,0.0005,53.4,16.6
Z22-021,island,Z22,35563.2,12732.3,3.31498,73.47004,0.054,283.4,293.0
Z22-020,island,Z22,41295.3,15810.2,3.34298,73.52166,0.0194,268.9,128.3
Z22-019,island,Z22,54549.4,17668.1,3.35976,73.64086,0.0018,56.7,49.8
Z22-018,island,Z22,67661.0,28036.1,3.45404,73.75885,0.0631,170.6,972.0
Z22-017,island,Z22,44482.7,29022.5,3.46207,73.54999,0.1171,503.3,423.5
Z22-016,island,Z22,44095.4,30063.5,3.47209,73.54746,0.1386,536.7,377.1
Z21-041,island,Z21,-36124.4,30412.1,3.47540,72.82253,0.1407,907.8,262.1
Z21-042,island,Z21,-32735.3,30404.7,3.47488,72.85507,0.2244,376.6,824.9
Z21-040,island,Z21,-34693.7,30359.8,3.47586,72.83666,1.7045,2212.4,1412.1
Z21-037,island,Z21,-40000.4,31492.8,3.48478,72.79013,0.0029,106.7,48.7
Z21-039,island,Z21,-38519.0,31269.1,3.48330,72.80146,0.4777,1823.3,430.1
Z21-038,island,Z21,-30216.3,31431.7,3.48418,72.87762,0.158,874.6,670.1
Z21-036,island,Z21,-29731.1,31756.0,3.48721,72.88242,0.0001,12.2,12.2
Z22-015,island,Z22,43189.0,31807.6,3.48772,73.53882,0.0999,582.1,435.7
Z21-035,island,Z21,-40850.2,32039.2,3.48914,72.78457,0.192,963.2,392.5
Z21-034,island,Z21,-41224.6,32173.6,3.49099,72.77899,0.0001,22.2,13.3
Z22-014,island,Z22,42559.1,32433.6,3.49332,73.53289,0.009,160.0,95.1
Z21-033,island,Z21,-43172.4,32536.8,3.49432,72.76143,0.0024,71.1,57.5
Z22-013,island,Z22,42227.1,33032.5,3.49880,73.52993,0.0251,232.2,217.8
Z22-012,island,Z22,42194.6,33146.6,3.49979,73.52975,0.0001,11.1,11.1
Z22-011,island,Z22,42149.1,33162.3,3.49989,73.52936,0.001,44.5,43.1
Z21-032,island,Z21,-28207.9,32991.7,3.49813,72.89546,0.1096,871.4,873.6
Z21-031,island,Z21,-24889.2,36541.1,3.53075,72.92650,0.3874,1343.8,2207.1
Z21-030,island,Z21,-47780.6,38076.8,3.54424,72.71996,0.0592,253.2,445.6
Z22-010,island,Z22,26039.6,40126.5,3.56306,73.38420,0.0036,124.5,116.1
Z21-029,island,Z21,-47928.7,40945.9,3.57021,72.71879,0.1064,489.9,326.2
Z21-028,island,Z21,-26547.9,41352.5,3.57389,72.91078,0.0243,218.8,190.2
Z21-027,island,Z21,-27535.3,41849.6,3.57869,72.90207,0.0326,233.3,233.3
Z22-009,island,Z22,26368.1,42818.6,3.58709,73.38746,0.016,227.8,273.1
Z22-008,island,Z22,26221.1,42999.3,3.58878,73.38606,0.0005,34.4,42.0
Z22-007,island,Z22,28852.4,43403.8,3.59251,73.40969,0.0024,124.4,44.2
Z21-026,island,Z21,-29610.6,43542.2,3.59373,72.88358,0.0283,188.9,203.5
Z22-006,island,Z22,38652.8,43539.3,3.59365,73.49812,0.0662,288.9,332.8
Z21-024,island,Z21,-27737.5,45120.5,3.60770,72.90046,0.0203,164.4,213.4
Z21-025,island,Z21,-21564.1,45031.4,3.60704,72.95580,0.2505,454.4,866.9
Z21-023,island,Z21,-46924.3,45444.9,3.61067,72.72752,0.0307,185.6,213.4
Z21-022,island,Z21,-48004.7,45919.4,3.61514,72.71817,0.0157,211.0,175.8
Z21-020,island,Z21,-21549.0,46336.3,3.61901,72.95623,0.0044,167.8,55.3
Z21-019,island,Z21,-41092.4,46362.5,3.61930,72.77998,0.0086,217.8,154.8
Z21-021,island,Z21,-47411.8,46205.5,3.61792,72.72339,0.0871,284.3,435.7
Z22-005,island,Z22,25264.5,47598.9,3.63053,73.37746,0.0005,36.7,29.9
Z21-018,island,Z21,-21293.7,47961.6,3.63386,72.95835,0.0815,641.0,185.8
Z22-004,island,Z22,23915.6,48280.0,3.63643,73.36529,0.0139,207.8,157.0
Z22-003,island,Z22,37427.5,49162.8,3.64465,73.48690,0.0001,13.3,23.2
Z22-002,island,Z22,37519.0,49220.3,3.64513,73.48784,0.0075,136.6,136.0
Z21-017,island,Z21,-36425.5,49996.8,3.65218,72.82212,0.0302,236.6,205.7
Z21-016,island,Z21,-21778.1,50171.4,3.65364,72.95408,0.0167,307.8,168.1
Z21-015,island,Z21,-41679.9,51619.3,3.66690,72.77475,0.0087,115.5,97.3
Z21-014,island,Z21,-27481.6,51950.8,3.66981,72.90262,0.0007,35.6,33.2
Z22-001,island,Z22,29524.1,53115.9,3.68023,73.41574,0.0973,628.8,223.4
Z21-013,island,Z21,-48962.3,55147.1,3.69822,72.70972,0.3386,561.7,1208.6
Z21-012,island,Z21,-46430.3,59588.9,3.73887,72.73192,0.0129,167.7,121.6
Z21-011,island,Z21,-20105.8,61623.0,3.75724,72.96893,0.2157,929.8,349.4
Z21-010,island,Z21,-24944.2,63647.2,3.77541,72.92547,0.0484,488.7,153.7
Z21-009,island,Z21,-46547.6,64817.7,3.78628,72.73080,0.0195,212.1,163.7
Z21-008,island,Z21,-20727.7,65421.4,3.79155,72.96276,0.2036,891.9,361.6
Z21-007,island,Z21,-28920.8,65743.5,3.79451,72.88968,0.0093,259.9,125.0
Z21-006,island,Z21,-46417.9,66050.9,3.79733,72.73209,0.0005,41.1,23.2
Z20-060,island,Z20,29073.1,67728.5,3.81261,73.41176,0.0018,43.3,59.7
Z20-059,island,Z20,29085.0,67833.6,3.81348,73.41186,0.0001,23.3,12.2
Z20-061,island,Z20,29005.6,67664.6,3.81208,73.41091,0.0154,134.3,312.9
Z20-058,island,Z20,29039.4,67853.5,3.81366,73.41144,0.0001,12.2,12.2
Z21-005,island,Z21,-35681.8,68469.4,3.81923,72.82876,0.0001,23.3,12.2
Z20-057,island,Z20,33837.5,71589.1,3.84742,73.45465,0.0008,41.1,34.3
Z20-056,island,Z20,33863.1,71638.1,3.84789,73.45489,0.0001,23.3,13.3
Z20-055,island,Z20,34411.9,71706.3,3.84846,73.45982,0.0245,98.8,293.0
Z21-004,island,Z21,-21673.2,71812.6,3.84923,72.95540,0.1744,951.8,290.8
Z20-053,island,Z20,34447.7,72082.9,3.85180,73.46017,0.0261,187.7,306.3
Z20-054,island,Z20,33974.2,72054.4,3.85120,73.45545,0.1072,433.2,614.8
Z20-052,island,Z20,34039.5,72552.9,3.85711,73.45665,0.1108,318.7,687.8
Z20-051,island,Z20,34285.4,74061.2,3.86980,73.45869,0.0001,12.2,12.2
Z20-050,island,Z20,34314.2,74183.6,3.87091,73.45904,0.0226,81.2,503.1
Z20-049,island,Z20,34320.4,74632.6,3.87490,73.45892,0.0069,74.4,153.7
Z21-003,island,Z21,-21686.8,74749.2,3.87598,72.95469,0.005,104.4,159.2
Z20-048,island,Z20,24130.6,74879.5,3.87705,73.36706,0.0545,313.2,263.2
Z20-047,island,Z20,24241.9,75011.4,3.87836,73.36826,0.0012,84.4,43.1
Z21-002,island,Z21,-46917.0,75715.1,3.88468,72.72742,0.0342,366.6,196.8
Z21-001,island,Z21,-37092.9,75960.0,3.88719,72.81626,0.018,188.8,158.1
Z20-046,island,Z20,35332.8,77562.2,3.90086,73.46758,0.2216,533.0,680.0
Z20-045,island,Z20,23091.6,77778.4,3.90336,73.35779,0.0259,323.2,130.5
Z20-044,island,Z20,35981.2,77784.2,3.90348,73.47383,0.1293,400.9,451.2
Z20-043,island,Z20,35843.1,78079.9,3.90612,73.47273,0.0006,41.1,23.2
Z20-042,island,Z20,33957.3,79003.1,3.91457,73.45586,0.045,233.2,286.4
Z20-041,island,Z20,35556.9,79368.1,3.91769,73.46969,0.0157,297.6,103.9
Z20-040,island,Z20,35548.4,79416.1,3.91823,73.47010,0.0003,44.4,13.3
Z20-039,island,Z20,35713.5,79431.5,3.91840,73.47160,0.0002,23.3,23.2
Z19-021,island,Z19,-45005.1,79712.7,3.92081,72.74499,0.1617,666.4,389.2
Z20-038,island,Z20,34032.4,79829.6,3.92209,73.45645,0.0734,282.1,364.9
Z19-020,island,Z19,-29996.3,82245.3,3.94377,72.87990,0.0017,86.6,34.3
Z20-037,island,Z20,37725.5,81944.6,3.94081,73.48988,0.3859,989.1,1085.9
Z19-019,island,Z19,-26262.4,83934.6,3.95915,72.91351,0.0076,120.0,94.0
Z20-036,island,Z20,39495.0,84853.5,3.96724,73.50556,0.0326,233.2,197.9
Z20-035,island,Z20,39590.1,85312.2,3.97160,73.50653,0.0131,117.7,171.4
Z20-034,island,Z20,39205.2,85360.8,3.97190,73.50305,0.0011,40.0,74.1
Z20-033,island,Z20,39119.2,85415.8,3.97202,73.50223,0.0295,162.3,409.1
Z20-032,island,Z20,39089.3,85642.5,3.97452,73.50199,0.0011,56.6,27.6
Z20-031,island,Z20,39602.0,85886.0,3.97668,73.50687,0.0161,136.6,180.2
Z19-018,island,Z19,-47824.6,86947.6,3.98617,72.71911,0.2797,976.2,387.0
Z20-029,island,Z20,39720.5,87659.6,3.99271,73.50765,0.003,77.7,64.1
Z20-030,island,Z20,39861.8,87463.5,3.99084,73.50929,0.0891,268.7,550.7
Z19-017,island,Z19,-29782.4,88726.2,4.00247,72.88186,0.0064,82.2,119.4
Z19-016,island,Z19,-22289.9,89146.2,4.00615,72.94924,0.0399,305.4,182.5
Z19-015,island,Z19,-37652.2,89204.5,4.00679,72.81120,0.0319,254.4,196.8
Z20-028,island,Z20,28159.4,89420.4,4.00848,73.40345,0.0115,116.6,161.4
Z20-027,island,Z20,26006.6,89658.7,4.01078,73.38422,0.0005,43.3,27.6
Z20-025,island,Z20,27136.5,90023.8,4.01420,73.39582,0.0339,540.8,130.5
Z20-026,island,Z20,25882.4,89997.1,4.01326,73.38276,0.0887,408.6,529.7
Z19-014,island,Z19,-25592.6,92671.1,4.03834,72.91963,0.0356,226.6,321.8
Z19-013,island,Z19,-47078.4,94100.1,4.05117,72.72574,0.3836,1091.5,578.3
Z20-024,island,Z20,29010.9,94604.2,4.05566,73.41127,0.0025,57.7,74.1
Z19-012,island,Z19,-22713.6,96223.9,4.07026,72.94566,0.0153,244.3,102.8
Z19-011,island,Z19,-29100.4,96630.8,4.07381,72.88778,0.0138,154.4,253.2
Z20-023,island,Z20,40229.5,97732.3,4.08374,73.51252,0.025,227.7,203.5
Z20-022,island,Z20,41454.5,98573.2,4.09155,73.52323,0.0034,73.3,77.4
Z19-010,island,Z19,-44093.1,99087.8,4.09605,72.75305,0.0322,264.2,203.5
Z20-021,island,Z20,27780.9,99213.5,4.09744,73.39959,0.0689,524.2,392.5
Z20-020,island,Z20,41739.0,99768.7,4.10236,73.52584,0.0029,78.9,122.7
Z20-019,island,Z20,41680.2,99860.8,4.10305,73.52541,0.0002,23.3,24.3
Z20-018,island,Z20,41686.5,99877.4,4.10327,73.52544,0.0001,12.2,12.2
Z20-017,island,Z20,41660.9,99902.8,4.10352,73.52521,0.0003,24.4,24.3
Z20-016,island,Z20,41626.3,100026.9,4.10464,73.52485,0.0102,71.1,217.8
Z19-009,island,Z19,-23563.7,101577.0,4.11887,72.93791,0.0041,71.1,106.2
Z20-014,island,Z20,35389.1,101744.4,4.12032,73.46845,0.0472,393.1,167.0
Z20-013,island,Z20,38524.3,101854.9,4.12112,73.49696,0.0007,34.4,33.2
Z20-015,island,Z20,40898.8,101754.0,4.12026,73.51795,0.0235,223.1,322.9
Z20-012,island,Z20,40478.6,101839.1,4.12113,73.51472,0.0206,298.7,186.9
Z20-011,island,Z20,39259.6,101894.1,4.12137,73.50317,0.0265,308.6,221.2
Z19-008,island,Z19,-44794.3,101926.7,4.12188,72.74643,0.0062,118.8,118.3
Z20-010,island,Z20,31866.6,101878.1,4.12148,73.43687,0.0606,376.3,362.7
Z20-008,island,Z20,37780.6,102006.9,4.12234,73.49007,0.0435,475.1,267.6
Z20-006,island,Z20,40675.8,102073.1,4.12325,73.51604,0.0142,224.3,123.8
Z20-007,island,Z20,38300.2,102050.8,4.12291,73.49484,0.0249,379.8,185.8
Z20-004,island,Z20,36784.8,102119.1,4.12360,73.48135,0.009,158.8,84.0
Z20-009,island,Z20,35096.0,102022.2,4.12231,73.46612,0.043,227.7,358.3
Z20-005,island,Z20,37043.0,102152.3,4.12356,73.48412,0.0112,207.6,117.2
Z20-001,island,Z20,34119.3,102220.2,4.12418,73.45740,0.0072,98.9,179.1
Z20-003,island,Z20,35827.3,102127.8,4.12384,73.47287,0.0553,324.1,333.9
Z20-002,island,Z20,34738.3,102179.5,4.12414,73.46313,0.1097,299.8,548.5
Z15-085,island,Z15,37281.7,107633.5,4.17338,73.48491,0.3162,631.8,745.3
Z18-003,island,Z18,39698.0,108450.4,4.18080,73.50756,0.0001,12.2,12.2
Z18-004,island,Z18,39936.1,107800.3,4.17456,73.51002,2.0541,2056.9,1395.5
Z18-002,island,Z18,39880.1,108452.2,4.18083,73.50922,0.0003,32.2,17.7
Z18-001,island,Z18,39778.7,108460.7,4.18089,73.50830,0.0002,33.3,12.2
Z19-007,island,Z19,-42525.3,108490.7,4.18099,72.76696,0.0327,297.6,143.7
Z15-082,island,Z15,40878.2,108798.9,4.18376,73.51802,0.0439,287.6,267.6
Z15-084,island,Z15,34166.0,108541.7,4.18099,73.45509,0.2074,672.6,1099.1
Z15-083,island,Z15,32612.9,108650.5,4.18266,73.43570,1.0741,2645.8,1037.2
Z15-081,island,Z15,31773.1,109098.8,4.18693,73.43624,0.0271,179.9,184.7
Z19-006,island,Z19,-41812.2,108977.9,4.18577,72.77363,0.1144,351.9,431.2
Z19-005,island,Z19,-44820.9,109698.7,4.19161,72.74580,0.1875,633.8,510.9
Z19-004,island,Z19,-36780.2,109958.8,4.19467,72.81910,0.0686,369.7,259.9
Z15-080,island,Z15,40417.8,110260.7,4.19697,73.51416,0.0385,270.9,267.6
Z15-078,island,Z15,29201.6,110625.1,4.20038,73.41292,0.0241,164.3,233.3
Z15-077,island,Z15,37121.0,111970.0,4.21306,73.48478,0.0641,367.3,561.7
Z19-003,island,Z19,-31657.9,112224.9,4.21494,72.86459,0.206,719.1,785.1
Z15-079,island,Z15,42404.9,110054.3,4.19723,73.52993,3.0763,1700.7,4757.0
Z19-002,island,Z19,-43737.5,112780.9,4.21996,72.75603,0.0001,12.2,12.2
Z19-001,island,Z19,-43795.3,112800.3,4.22004,72.75539,0.0086,142.1,101.7
Z15-075,island,Z15,42487.4,112858.7,4.22070,73.53271,0.0002,13.3,33.2
Z15-074,island,Z15,42667.0,113322.7,4.22480,73.53433,0.0001,13.3,22.1
Z15-073,island,Z15,42687.3,113369.9,4.22520,73.53451,0.001,33.3,64.1
Z15-072,island,Z15,41082.4,113517.7,4.22696,73.52007,0.1029,380.7,392.5
Z15-071,island,Z15,38287.3,113898.3,4.23012,73.49451,0.0353,303.0,235.5
Z15-070,island,Z15,43007.7,114038.0,4.23155,73.53741,0.0251,373.8,739.8
Z15-069,island,Z15,36079.4,114487.1,4.23533,73.47498,0.0012,42.2,53.1
Z15-076,island,Z15,43521.1,113171.5,4.22036,73.54250,3.9429,1895.6,4595.5
Z15-068,island,Z15,42975.0,116059.1,4.24961,73.53712,0.0001,12.2,12.2
Z15-066,island,Z15,24069.4,116082.9,4.24996,73.36659,0.0239,300.9,228.9
Z15-067,island,Z15,43933.2,116077.6,4.24967,73.54560,0.0943,653.9,338.4
Z15-065,island,Z15,43391.3,116976.8,4.25779,73.54068,0.0298,183.2,207.9
Z15-064,island,Z15,25532.5,117146.6,4.25944,73.37992,0.0291,215.4,251.0
Z17-005,island,Z17,-19141.1,117148.9,4.25945,72.98293,0.2145,1663.0,328.4
Z17-004,island,Z17,-19947.0,117333.3,4.26121,72.97014,0.0009,74.4,42.0
Z17-003,island,Z17,-20001.4,117360.6,4.26138,72.96983,0.0001,11.1,12.2
Z15-063,island,Z15,38863.2,117616.1,4.26353,73.50003,0.0237,188.7,168.1
Z17-002,island,Z17,-17502.7,117547.0,4.26309,72.99190,0.1969,442.9,620.3
Z15-062,island,Z15,37889.8,118250.9,4.26935,73.49149,0.1579,460.7,437.9
Z15-061,island,Z15,44888.1,119654.7,4.28208,73.55436,0.0001,12.2,12.2
Z15-060,island,Z15,45097.5,119694.5,4.28244,73.55625,0.0001,12.2,12.2
Z15-059,island,Z15,45119.3,119710.3,4.28265,73.55646,0.0003,33.3,23.2
Z15-058,island,Z15,30791.6,119923.1,4.28440,73.42736,0.0305,218.7,213.4
Z15-056,island,Z15,44986.9,120368.2,4.28862,73.55526,0.0002,13.3,32.1
Z15-057,island,Z15,44854.3,120009.3,4.28565,73.55395,0.1523,295.1,833.7
Z15-055,island,Z15,44979.0,120471.8,4.28946,73.55518,0.0008,34.4,52.0
Z15-054,island,Z15,45293.0,121002.6,4.29420,73.55792,0.0518,287.4,421.3
Z17-001,island,Z17,-15339.8,121488.4,4.29902,73.01166,0.0278,141.0,339.5
Z15-053,island,Z15,39612.4,122305.2,4.30616,73.50689,0.0047,82.1,162.5
Z15-052,island,Z15,29561.1,122368.0,4.30672,73.41629,0.0175,158.7,143.7
Z15-050,island,Z15,30426.0,122680.1,4.30962,73.42412,0.0325,177.6,230.0
Z15-051,island,Z15,46689.5,122549.9,4.30846,73.57149,0.6252,1163.2,827.1
Z15-049,island,Z15,37462.4,122924.7,4.31174,73.48744,0.0207,169.9,168.1
Z15-048,island,Z15,48227.7,123269.9,4.31473,73.58453,0.0129,88.8,265.4
Z15-047,island,Z15,47507.6,123673.5,4.31797,73.57945,0.041,416.3,185.8
Z15-046,island,Z15,49049.0,123602.2,4.31823,73.59166,0.0325,261.0,357.2
Z15-045,island,Z15,49059.6,123912.4,4.32055,73.59197,0.0032,75.4,77.4
Z15-044,island,Z15,49704.2,124770.1,4.32845,73.59790,0.0414,257.3,441.2
Z15-043,island,Z15,50085.0,125392.7,4.33380,73.60352,0.4165,853.5,809.4
Z15-042,island,Z15,50577.8,126121.5,4.34061,73.60566,0.0001,12.2,12.2
Z15-041,island,Z15,51226.4,126428.2,4.34337,73.61152,0.0017,68.8,45.3
Z15-040,island,Z15,50816.2,126407.1,4.34378,73.60858,0.0941,478.1,651.3
Z15-039,island,Z15,51898.9,127187.7,4.35057,73.61814,0.153,412.9,677.8
Z15-038,island,Z15,52879.4,128436.5,4.36142,73.62649,0.0379,383.9,377.1
Z15-036,island,Z15,29239.1,128963.7,4.36628,73.41341,0.0005,30.0,34.3
Z15-037,island,Z15,29415.1,128929.9,4.36599,73.41519,0.0326,351.9,139.3
Z15-035,island,Z15,24382.6,129179.5,4.36826,73.37010,0.0219,335.2,100.6
Z15-034,island,Z15,55492.8,129769.7,4.37436,73.65083,0.3662,963.3,590.5
Z15-033,island,Z15,56950.4,130217.3,4.37696,73.66248,0.0703,304.0,654.6
Z15-032,island,Z15,27877.2,132429.5,4.39766,73.40117,0.0001,23.3,13.3
Z15-031,island,Z15,26025.6,136100.2,4.43095,73.38428,0.0441,295.3,403.6
Z16-001,island,Z16,-21103.8,136681.2,4.43708,72.95908,1.497,1412.7,1601.1
Z15-030,island,Z15,62558.9,137313.5,4.44200,73.71409,0.1889,443.6,884.6
Z15-029,island,Z15,62922.5,138701.7,4.45427,73.71700,0.3186,435.0,1181.0
Z15-028,island,Z15,56798.4,140019.9,4.46616,73.66157,0.0111,154.2,139.3
Z15-027,island,Z15,33202.9,140857.0,4.47375,73.44954,0.0218,340.8,155.9
Z15-026,island,Z15,27026.6,141718.1,4.48163,73.39326,0.0191,185.3,150.4
Z15-025,island,Z15,24222.0,143813.0,4.50064,73.36854,0.0646,278.5,444.5
Z15-024,island,Z15,24354.7,145407.0,4.51439,73.37042,0.36,581.5,1568.0
Z15-023,island,Z15,24090.0,146197.9,4.52212,73.36700,0.0056,79.9,112.8
Z15-022,island,Z15,24699.2,147442.5,4.53327,73.37254,0.0226,114.3,348.3
Z15-021,island,Z15,52310.2,148298.7,4.54103,73.62113,0.0353,467.1,128.3
Z15-020,island,Z15,28375.9,148453.9,4.54265,73.40566,0.0148,233.1,127.2
Z15-019,island,Z15,34745.0,148891.0,4.54645,73.46314,0.0004,34.4,31.0
Z15-018,island,Z15,34514.2,148917.9,4.54677,73.46103,0.0001,12.2,12.2
Z15-017,island,Z15,34445.4,148942.6,4.54703,73.46026,0.0028,149.8,37.6
Z15-016,island,Z15,47870.4,152692.9,4.58091,73.58140,0.0001,12.2,12.2
Z15-014,island,Z15,47940.3,152722.8,4.58118,73.58203,0.0001,12.2,12.2
Z15-015,island,Z15,47659.0,152736.0,4.58115,73.57918,0.0242,158.7,373.7
Z15-013,island,Z15,29349.7,153705.8,4.58993,73.41459,0.011,148.7,103.9
Z15-012,island,Z15,48861.9,153694.3,4.59004,73.59165,0.0537,542.6,298.6
Z15-011,island,Z15,36167.9,154715.4,4.59923,73.47596,0.0004,35.5,24.3
Z15-010,island,Z15,34452.7,154727.9,4.59930,73.46050,0.0014,93.2,27.6
Z15-009,island,Z15,47978.8,155057.0,4.60229,73.58239,0.0001,12.2,12.2
Z15-008,island,Z15,37898.6,155400.2,4.60559,73.49171,0.0331,238.6,273.1
Z15-007,island,Z15,45702.3,158430.8,4.63271,73.56181,0.0119,167.4,183.6
Z15-006,island,Z15,28338.7,158708.4,4.63528,73.40540,0.0004,31.1,23.2
Z15-005,island,Z15,46107.8,158812.4,4.63650,73.56567,0.0184,155.3,207.9
Z15-004,island,Z15,27941.3,158978.8,4.63765,73.40156,0.0427,400.5,179.1
Z15-003,island,Z15,38932.7,163342.3,4.67695,73.50127,0.0286,221.9,193.5
Z15-001,island,Z15,33460.9,164771.1,4.69014,73.45160,0.0001,12.2,12.2
Z15-002,island,Z15,33404.8,164803.3,4.69010,73.45113,0.0345,233.1,484.3
Z14-005,island,Z14,37303.5,169224.4,4.73036,73.48622,0.0007,56.6,29.9
Z14-004,island,Z14,38770.2,169839.9,4.73599,73.49994,0.1672,606.8,442.3
Z14-003,island,Z14,38710.7,170070.3,4.73804,73.49894,0.0003,30.0,19.9
Z14-002,island,Z14,38690.5,170085.4,4.73820,73.49876,0.0001,12.2,12.2
Z14-001,island,Z14,30871.4,175389.3,4.78613,73.42772,0.0297,629.0,103.9
Z13-005,island,Z13,-16386.8,185737.5,4.87968,73.00227,0.0003,33.3,21.0
Z13-006,island,Z13,-16654.3,185161.2,4.87099,72.99770,1.4708,1673.7,2045.7
Z13-004,island,Z13,-19928.2,185913.2,4.88125,72.97208,0.1737,1572.7,491.0
Z13-003,island,Z13,-20760.9,186157.6,4.88355,72.96282,0.0001,12.2,12.2
Z13-002,island,Z13,-21048.9,186228.0,4.88402,72.96083,0.0207,425.9,132.7
Z13-001,island,Z13,-23882.9,186267.7,4.88460,72.93526,0.2046,1526.2,308.5
Z12-001,island,Z12,34101.6,194069.6,4.95686,73.46415,2.677,2664.6,2097.6
Z11-064,island,Z11,-27073.0,199148.8,5.00134,72.90597,0.1757,562.3,432.4
Z11-062,island,Z11,-32377.7,199862.0,5.00794,72.85727,0.0391,484.4,432.4
Z11-063,island,Z11,-25173.8,199828.8,5.00766,72.92329,0.3009,589.0,721.0
Z11-061,island,Z11,-23047.5,200052.8,5.00912,72.94223,0.2902,947.1,623.6
Z11-059,island,Z11,-22829.5,200406.6,5.01237,72.94413,0.001,33.3,42.0
Z11-060,island,Z11,-21936.8,200283.0,5.01156,72.95175,0.0711,456.8,363.8
Z11-058,island,Z11,-20665.1,200630.6,5.01444,72.96366,0.0002,33.3,13.3
Z11-057,island,Z11,-20378.7,200774.2,5.01576,72.96622,0.0018,76.5,44.2
Z11-056,island,Z11,-34377.9,201558.0,5.02269,72.84039,0.2355,676.3,582.7
Z11-055,island,Z11,-29737.5,203422.2,5.03950,72.88166,0.1011,277.2,540.7
Z11-054,island,Z11,-34690.5,205885.7,5.06201,72.83724,0.0061,146.4,77.4
Z11-053,island,Z11,-13165.6,206030.3,5.06318,73.03138,0.0518,408.1,205.7
Z11-052,island,Z11,-32583.3,206082.9,5.06378,72.85616,0.0101,180.7,74.1
Z11-051,island,Z11,-32441.0,206119.2,5.06410,72.85742,0.0003,34.4,24.3
Z11-050,island,Z11,-13063.6,206897.6,5.07116,73.03205,0.0093,144.1,106.2
Z11-049,island,Z11,-30193.0,207665.4,5.07840,72.87819,0.0076,226.3,141.5
Z11-048,island,Z11,-9711.7,209284.1,5.09255,73.06344,0.1896,756.2,491.0
Z11-047,island,Z11,-8709.2,210421.0,5.10281,73.07022,0.4893,1130.9,721.0
Z11-046,island,Z11,-8016.2,211490.9,5.11265,73.07711,0.3558,1126.4,796.1
Z11-044,island,Z11,-26888.6,213910.7,5.13449,72.90749,0.0001,12.2,12.2
Z11-045,island,Z11,-26599.7,213785.3,5.13357,72.91038,0.1009,636.4,222.3
Z11-043,island,Z11,-26866.1,213921.8,5.13464,72.90767,0.0003,43.2,13.3
Z11-042,island,Z11,-26797.0,213931.4,5.13473,72.90832,0.0002,33.3,12.2
Z11-041,island,Z11,-26593.7,213941.3,5.13481,72.91015,0.0001,23.3,12.2
Z11-040,island,Z11,-26727.1,213941.3,5.13482,72.90895,0.0002,33.3,12.2
Z11-039,island,Z11,-4695.9,213919.6,5.13491,73.10762,0.2309,647.5,546.2
Z11-038,island,Z11,-3899.3,214690.1,5.14122,73.11495,0.1547,605.3,520.8
Z11-037,island,Z11,-2075.7,216405.2,5.15657,73.13209,0.6058,1384.7,765.2
Z11-036,island,Z11,-10805.6,217042.4,5.16259,73.05324,0.1148,665.2,346.1
Z11-035,island,Z11,-17074.2,218373.1,5.17488,72.99563,0.1099,390.2,441.2
Z11-034,island,Z11,-13131.7,219095.8,5.18148,73.03156,0.0005,31.0,32.1
Z11-033,island,Z11,-1908.7,219285.1,5.18314,73.13278,0.0001,12.2,12.2
Z11-032,island,Z11,-1888.8,219324.9,5.18350,73.13296,0.0001,12.2,12.2
Z11-031,island,Z11,1510.9,219745.0,5.18716,73.16368,0.0216,238.4,155.9
Z11-030,island,Z11,-3000.6,219845.1,5.18796,73.12275,0.1536,627.5,384.8
Z11-029,island,Z11,-1971.2,220187.6,5.19114,73.13212,0.1201,543.2,376.0
Z11-027,island,Z11,-6388.2,220523.4,5.19431,73.09238,0.001,48.8,44.2
Z11-028,island,Z11,-6571.0,220485.4,5.19395,73.09058,0.021,408.0,123.8
Z11-026,island,Z11,-7193.0,221854.7,5.20646,73.08497,0.1374,575.4,350.5
Z11-025,island,Z11,-2783.0,222800.5,5.21510,73.12493,0.2625,726.1,550.7
Z11-023,island,Z11,235.8,223085.6,5.21754,73.15215,0.0005,32.1,32.1
Z11-024,island,Z11,419.0,223019.6,5.21715,73.15359,0.0338,317.1,182.5
Z11-022,island,Z11,-30222.5,224716.7,5.23236,72.87713,0.0905,517.6,326.2
Z11-020,island,Z11,-1251.4,225040.2,5.23523,73.13862,0.0101,194.0,94.0
Z11-019,island,Z11,2051.1,225089.9,5.23563,73.16852,0.0023,56.5,74.1
Z11-018,island,Z11,1993.9,225143.4,5.23616,73.16799,0.0002,13.3,32.1
Z11-017,island,Z11,-4278.7,225165.5,5.23632,73.11140,0.0001,12.2,12.2
Z11-021,island,Z11,-4098.3,224917.4,5.23374,73.11390,0.1901,761.6,611.5
Z09-058,island,Z09,40655.2,226032.5,5.24417,73.51670,0.0016,68.7,47.5
Z09-057,island,Z09,40684.9,226074.8,5.24449,73.51706,0.0004,49.9,17.7
Z11-016,island,Z11,-28460.3,226500.6,5.24845,72.89353,0.0275,323.7,113.9
Z11-015,island,Z11,-828.8,226914.4,5.25204,73.14220,0.0136,369.1,109.5
Z11-014,island,Z11,1526.1,227205.0,5.25521,73.16360,0.0779,220.6,518.6
Z11-013,island,Z11,568.7,228034.8,5.26223,73.15526,0.0348,211.7,221.2
Z11-012,island,Z11,-30364.8,228240.1,5.26401,72.87610,0.017,288.2,134.9
Z11-011,island,Z11,-2374.7,228569.9,5.26729,73.12853,0.0353,197.3,253.2
Z11-009,island,Z11,1367.3,228821.3,5.26935,73.16234,0.0007,33.3,33.2
Z11-010,island,Z11,1237.0,228760.1,5.26878,73.16113,0.0253,250.5,158.1
Z09-056,island,Z09,46665.8,228909.6,5.27013,73.57098,0.0001,12.2,11.1
Z09-055,island,Z09,46675.9,228919.4,5.27025,73.57107,0.0001,10.0,10.0
Z09-054,island,Z09,46686.1,228929.9,5.27036,73.57116,0.0001,12.2,12.2
Z09-053,island,Z09,48455.1,229254.1,5.27324,73.58719,0.0593,804.6,295.2
Z11-006,island,Z11,-13819.7,229428.0,5.27470,73.02531,0.0194,164.1,143.7
Z11-004,island,Z11,-14406.3,229498.9,5.27561,73.02000,0.0039,70.9,77.4
Z11-008,island,Z11,-12922.0,229396.1,5.27443,73.03325,0.0924,406.8,303.0
Z11-007,island,Z11,-11900.8,229397.1,5.27449,73.04259,0.0981,356.9,346.1
Z11-003,island,Z11,-17033.4,229613.9,5.27643,72.99626,0.0135,138.6,133.8
Z11-005,island,Z11,-15455.3,229495.9,5.27537,73.01030,0.1679,581.9,430.1
Z09-052,island,Z09,50523.1,229756.7,5.27838,73.60708,0.2267,1004.9,733.1
Z09-051,island,Z09,52366.1,230151.7,5.28171,73.62304,0.0606,475.3,400.3
Z11-002,island,Z11,-1454.3,230229.4,5.28217,73.13716,0.1665,491.1,539.6
Z09-050,island,Z09,39021.4,230568.8,5.28498,73.50236,0.1783,517.6,448.9
Z09-049,island,Z09,39143.8,230783.6,5.28704,73.50325,0.0049,163.0,76.3
Z11-001,island,Z11,-4264.8,230660.3,5.28608,73.11209,0.1477,972.1,270.9
Z10-008,island,Z10,-20087.3,231899.3,5.29701,72.96882,0.0388,240.5,206.8
Z10-009,island,Z10,-10224.2,231755.8,5.29627,73.05713,0.1148,503.2,415.8
Z10-007,island,Z10,-8760.5,232258.8,5.30057,73.07111,0.1613,516.5,425.7
Z09-048,island,Z09,37493.6,232578.5,5.30340,73.48834,0.003,96.4,67.5
Z09-047,island,Z09,36870.2,233045.3,5.30748,73.48277,0.2199,933.4,391.4
Z10-006,island,Z10,-8013.2,234060.0,5.31661,73.07766,0.0029,46.6,107.3
Z09-045,island,Z09,55104.8,234731.5,5.32283,73.64716,0.0001,11.1,12.2
Z09-046,island,Z09,35767.5,234593.3,5.32155,73.47297,0.0798,295.9,372.6
Z09-044,island,Z09,55123.6,234946.4,5.32446,73.64725,0.0236,142.8,347.2
Z09-043,island,Z09,55442.9,235674.7,5.33136,73.65021,0.0001,12.2,12.2
Z09-042,island,Z09,34790.2,235920.0,5.33343,73.46413,0.1947,558.8,535.2
Z10-005,island,Z10,-21845.4,236082.6,5.33491,72.95257,0.2155,708.2,420.2
Z09-041,island,Z09,55598.3,236162.2,5.33728,73.65256,0.3288,570.2,1299.3
Z10-003,island,Z10,-19860.0,237015.6,5.34344,72.97082,0.0001,12.2,12.2
Z10-002,island,Z10,-19870.3,237025.9,5.34358,72.97073,0.0001,12.2,12.2
Z10-004,island,Z10,-20131.7,236824.5,5.34206,72.96887,0.1462,577.5,347.2
Z09-040,island,Z09,56251.7,237073.7,5.34387,73.65752,0.0097,129.6,138.2
Z10-001,island,Z10,-17728.3,237979.5,5.35202,72.99000,0.0265,338.1,162.5
Z09-039,island,Z09,55853.9,237763.1,5.35011,73.65400,0.0924,236.1,594.9
Z09-038,island,Z09,30701.2,238346.4,5.35565,73.42700,0.0069,89.8,102.8
Z09-037,island,Z09,31074.0,238539.4,5.35755,73.43113,0.1937,587.5,509.8
Z08-078,island,Z08,-25565.5,238819.9,5.36005,72.91935,0.0567,227.2,483.2
Z08-077,island,Z08,-27106.6,239550.8,5.36641,72.90483,0.0497,577.4,182.5
Z09-034,island,Z09,20947.3,239494.5,5.36585,73.33229,0.2375,1773.2,635.8
Z09-033,island,Z09,21915.1,239831.6,5.36897,73.34775,0.0005,44.3,24.3
Z09-035,island,Z09,29611.3,239086.7,5.36294,73.41529,0.4526,1867.0,1455.2
Z09-036,island,Z09,55908.8,239017.2,5.36216,73.65652,0.4458,836.8,1666.4
Z09-031,island,Z09,22122.1,239881.1,5.36939,73.34942,0.0039,147.4,61.9
Z09-032,island,Z09,28577.0,239864.6,5.36911,73.40776,0.0089,98.6,133.8
Z09-030,island,Z09,25321.8,240552.2,5.37547,73.37847,0.0001,12.2,12.2
Z09-029,island,Z09,25878.6,240634.3,5.37615,73.38307,0.0571,790.2,184.7
Z08-076,island,Z08,-21636.6,240683.0,5.37672,72.95463,0.0135,127.5,242.2
Z08-075,island,Z08,-27460.9,241259.1,5.38194,72.90232,0.0147,170.7,141.5
Z08-074,island,Z08,-18959.3,242415.8,5.39222,72.97898,0.0415,210.5,330.6
Z08-073,island,Z08,-17569.0,243308.2,5.40070,72.99145,0.0733,379.0,243.3
Z08-072,island,Z08,-27853.4,244098.5,5.40754,72.89868,0.0046,117.5,63.0
Z09-027,island,Z09,54875.6,245094.5,5.41665,73.64514,0.0008,32.1,44.2
Z09-026,island,Z09,22687.1,245208.9,5.41753,73.35471,0.0014,57.6,53.1
Z09-028,island,Z09,55092.4,243441.4,5.40108,73.64841,0.4217,1131.2,4120.1
Z09-025,island,Z09,54302.0,245878.7,5.42341,73.63970,0.0711,318.3,473.3
Z09-024,island,Z09,23418.0,246060.2,5.42542,73.36127,0.004,76.5,74.1
Z09-023,island,Z09,53295.0,246767.3,5.43158,73.63042,0.0721,545.4,318.5
Z09-022,island,Z09,51037.8,247733.9,5.44036,73.61053,0.0014,63.2,37.6
Z09-021,island,Z09,50791.0,247830.2,5.44135,73.60826,0.0265,362.5,226.7
Z08-071,island,Z08,-26811.6,247742.8,5.44072,72.90828,0.2046,693.7,398.1
Z08-070,island,Z08,-12337.3,248433.7,5.44670,73.03864,0.0079,181.7,85.1
Z08-069,island,Z08,-23093.1,248533.3,5.44745,72.94092,0.0883,448.9,342.8
Z09-020,island,Z09,23912.8,248217.5,5.44499,73.36509,0.5557,740.3,1162.2
Z08-068,island,Z08,-13239.8,248634.2,5.44870,73.02888,0.457,1588.0,402.5
Z08-067,island,Z08,-18911.3,249466.7,5.45576,72.97997,0.1303,697.0,277.5
Z08-066,island,Z08,-18781.4,249570.8,5.45703,72.98052,0.0001,11.1,12.2
Z08-064,island,Z08,-30907.4,249807.4,5.45918,72.87112,0.0071,128.6,103.9
Z08-065,island,Z08,-21499.2,249692.9,5.45814,72.95514,0.331,836.7,571.7
Z08-063,island,Z08,-29322.9,250052.4,5.46138,72.88537,0.0223,210.5,138.2
Z08-062,island,Z08,-12682.8,250313.8,5.46317,73.03441,0.523,1254.4,594.9
Z08-060,island,Z08,-13053.0,250570.5,5.46604,73.03222,0.0013,78.7,23.2
Z09-019,island,Z09,24430.5,249829.3,5.45858,73.36965,0.2987,420.8,1675.2
Z08-061,island,Z08,-26232.8,250392.2,5.46431,72.91342,0.2398,736.9,456.7
Z09-018,island,Z09,45402.0,250974.3,5.46962,73.55982,0.1419,1089.7,747.5
Z09-017,island,Z09,44858.4,251329.3,5.47293,73.55481,0.0001,12.2,12.2
Z09-016,island,Z09,44796.7,251385.7,5.47337,73.55430,0.0005,44.3,23.2
Z08-059,island,Z08,-21841.3,251552.6,5.47550,72.95483,0.1731,984.1,293.0
Z08-057,island,Z08,-13315.9,251915.3,5.47823,73.02984,0.0001,12.2,12.2
Z08-058,island,Z08,-12427.0,251779.7,5.47675,73.03740,0.4396,1519.2,483.2
Z09-015,island,Z09,26205.3,251805.1,5.47722,73.38602,0.3975,1127.7,1166.6
Z09-014,island,Z09,28113.0,252667.3,5.48515,73.40369,0.0028,32.2,143.7
Z08-056,island,Z08,-19340.8,252696.9,5.48524,72.97541,0.0474,408.9,197.9
Z09-013,island,Z09,28067.5,252795.9,5.48622,73.40333,0.0002,23.3,23.2
Z08-055,island,Z08,-28134.0,252853.2,5.48662,72.89601,0.2121,649.3,453.4
Z09-012,island,Z09,40463.8,253399.6,5.49117,73.51524,0.0261,176.2,234.4
Z09-010,island,Z09,30429.5,253538.3,5.49270,73.42466,0.0016,44.3,68.6
Z08-054,island,Z08,-23484.8,253414.8,5.49165,72.93840,0.144,565.1,351.6
Z08-053,island,Z08,-12281.0,253486.0,5.49239,73.03896,0.0514,351.3,193.5
Z08-050,island,Z08,-16998.0,253702.6,5.49435,72.99660,0.0001,12.2,12.2
Z09-009,island,Z09,30373.1,253639.4,5.49360,73.42420,0.0114,108.6,172.5
Z08-049,island,Z08,-17021.8,253728.5,5.49464,72.99639,0.002,75.4,44.2
Z08-052,island,Z08,-16897.9,253684.4,5.49415,72.99784,0.0124,175.1,163.7
Z08-051,island,Z08,-29759.2,253664.2,5.49430,72.88161,0.1621,610.6,359.4
Z09-011,island,Z09,29027.8,253495.7,5.49227,73.41195,0.4881,783.3,1082.5
Z09-008,island,Z09,31382.4,254610.5,5.50253,73.43322,0.0002,23.3,23.2
Z09-007,island,Z09,31422.6,254626.1,5.50269,73.43357,0.0036,58.7,95.1
Z08-048,island,Z08,-11938.0,255182.0,5.50786,73.04214,0.0012,57.6,33.2
Z08-047,island,Z08,-20084.8,255162.9,5.50791,72.96892,0.0959,456.5,294.1
Z08-045,island,Z08,-18767.2,255495.7,5.51048,72.98038,0.0737,485.4,221.2
Z08-046,island,Z08,-12023.6,255380.2,5.50956,73.04189,0.0953,346.8,406.9
Z08-044,island,Z08,-35798.2,255854.8,5.51354,72.82674,0.0762,457.8,369.3
Z09-006,island,Z09,32344.0,256640.1,5.52123,73.44172,0.0664,290.4,340.6
Z08-043,island,Z08,-34032.5,257070.0,5.52465,72.84225,0.0639,492.1,316.2
Z08-042,island,Z08,-38020.9,257510.6,5.52870,72.80705,0.0094,219.3,153.7
Z08-041,island,Z08,-11874.0,257840.1,5.53135,73.04249,0.3187,1193.3,485.4
Z09-005,island,Z09,39485.9,257990.3,5.53298,73.50633,0.1169,476.8,722.1
Z09-004,island,Z09,39120.5,258819.0,5.54062,73.50307,0.0001,11.1,12.2
Z09-003,island,Z09,39119.5,258841.0,5.54094,73.50304,0.0017,85.3,53.1
Z09-002,island,Z09,39060.6,258889.0,5.54130,73.50253,0.0001,12.2,12.2
Z08-040,island,Z08,-11631.2,259739.0,5.54928,73.04399,0.3199,864.2,520.8
Z09-001,island,Z09,34899.7,259797.0,5.54970,73.46632,0.3133,1421.2,707.7
Z08-039,island,Z08,-22629.5,260595.2,5.55660,72.94557,0.0023,85.3,64.1
Z08-038,island,Z08,-11709.4,261284.2,5.56287,73.04377,0.2513,763.4,431.2
Z08-037,island,Z08,-24561.9,261502.9,5.56476,72.92845,0.0089,179.5,127.2
Z08-036,island,Z08,-21356.6,262807.2,5.57672,72.95711,0.0194,267.0,103.9
Z08-035,island,Z08,-11658.8,263539.1,5.58374,73.04435,0.3207,545.2,917.8
Z08-033,island,Z08,-21868.8,266259.7,5.60793,72.95265,0.0729,418.8,267.6
Z08-034,island,Z08,-11717.3,265968.5,5.60628,73.04348,0.4563,824.3,817.2
Z08-032,island,Z08,-20004.4,266558.9,5.61081,72.96940,0.0011,34.3,82.9
Z08-031,island,Z08,-25595.0,266765.4,5.61260,72.91896,0.0069,151.8,76.3
Z08-030,island,Z08,-32668.9,267406.0,5.61880,72.85520,0.091,263.6,451.2
Z08-029,island,Z08,-32977.6,267870.8,5.62243,72.85227,0.0008,28.8,52.0
Z08-028,island,Z08,-32942.2,267862.0,5.62254,72.85270,0.0023,63.2,84.0
Z08-025,island,Z08,-25005.6,268692.7,5.62996,72.92429,0.0001,12.2,12.2
Z08-027,island,Z08,-25073.7,268660.4,5.62966,72.92362,0.0061,104.1,90.7
Z08-026,island,Z08,-11913.5,268562.9,5.62971,73.04113,0.4761,589.2,1565.8
Z08-024,island,Z08,-28303.3,269857.0,5.64059,72.89448,0.0068,126.3,120.5
Z08-023,island,Z08,-34345.0,270110.6,5.64277,72.83998,0.0012,46.5,43.1
Z08-022,island,Z08,-18018.1,270185.3,5.64352,72.98700,0.0329,476.3,231.1
Z07-098,island,Z07,19911.5,270523.4,5.64653,73.32968,0.1785,501.8,485.4
Z07-097,island,Z07,16501.0,270578.7,5.64727,73.29916,0.1234,426.6,463.3
Z08-021,island,Z08,-29401.3,271026.1,5.65105,72.88466,0.0466,413.1,330.6
Z08-020,island,Z08,-21295.7,272029.5,5.65994,72.95797,0.0119,134.0,153.7
Z08-019,island,Z08,-21373.9,272078.9,5.66057,72.95706,0.0015,32.1,74.1
Z07-095,island,Z07,25800.9,272638.7,5.66563,73.38292,0.0012,50.9,54.2
Z07-096,island,Z07,13819.4,272439.1,5.66373,73.27452,0.4479,791.0,863.6
Z07-093,island,Z07,26682.4,273161.8,5.67033,73.39087,0.0001,12.2,12.2
Z07-092,island,Z07,26692.8,273172.1,5.67047,73.39096,0.0001,11.1,12.2
Z08-017,island,Z08,-33704.9,273100.0,5.66991,72.84577,0.0386,192.7,337.3
Z08-018,island,Z08,-13314.4,272921.5,5.66856,73.03006,0.3235,542.7,803.9
Z07-091,island,Z07,26765.3,273263.8,5.67120,73.39166,0.0142,126.3,183.6
Z07-094,island,Z07,26314.6,273224.6,5.67027,73.38726,0.2818,761.9,883.5
Z07-089,island,Z07,28210.2,274960.1,5.68660,73.40467,0.0044,85.3,73.0
Z07-090,island,Z07,12006.9,274662.9,5.68465,73.25782,0.2247,587.2,876.9
Z08-016,island,Z08,-13678.5,275405.6,5.69053,73.02658,0.1034,377.7,357.2
Z07-088,island,Z07,21194.5,275531.9,5.69180,73.34107,0.0611,396.6,246.6
Z07-087,island,Z07,28646.1,275814.3,5.69461,73.40860,0.0668,246.8,663.5
Z07-086,island,Z07,17966.1,276105.5,5.69622,73.31210,0.2137,405.4,656.8
Z07-085,island,Z07,28616.0,276484.7,5.70033,73.40840,0.0065,84.2,148.2
Z07-084,island,Z07,29078.6,277116.0,5.70609,73.41252,0.0001,11.1,12.2
Z07-083,island,Z07,29089.3,277134.4,5.70634,73.41262,0.0002,13.3,33.2
Z08-015,island,Z08,-13856.6,277368.1,5.70812,73.02394,0.469,509.4,1428.6
Z07-081,island,Z07,9398.1,278260.7,5.71659,73.23473,0.0238,274.7,116.1
Z07-082,island,Z07,29301.2,277886.7,5.71347,73.41499,0.3956,459.4,1586.8
Z07-080,island,Z07,29311.9,278808.5,5.72162,73.41463,0.0012,32.1,74.1
Z08-014,island,Z08,-32656.8,279104.9,5.72407,72.85533,0.0152,302.4,85.1
Z08-013,island,Z08,-32466.3,279133.6,5.72432,72.85688,0.0021,64.3,47.5
Z08-012,island,Z08,-23859.9,279810.4,5.73058,72.93440,0.1442,456.3,406.9
Z07-078,island,Z07,29225.3,280042.6,5.73255,73.41391,0.0003,44.3,17.7
Z07-077,island,Z07,29191.0,280087.5,5.73305,73.41354,0.0021,64.3,50.9
Z07-076,island,Z07,22742.1,280537.8,5.73708,73.35514,0.0067,130.7,103.9
Z07-079,island,Z07,23245.3,279949.1,5.73166,73.35976,0.4576,887.6,1283.8
Z08-011,island,Z08,-14497.2,280702.3,5.73839,73.01908,0.0054,80.8,86.2
Z07-075,island,Z07,7343.3,281209.5,5.74408,73.21616,0.2165,491.7,683.4
Z07-074,island,Z07,19283.6,281285.5,5.74457,73.32417,0.1707,492.0,664.6
Z08-010,island,Z08,-14853.8,281893.4,5.74954,73.01575,0.131,428.6,378.2
Z08-009,island,Z08,-20913.5,282104.0,5.75099,72.96131,0.1605,519.4,441.2
Z07-073,island,Z07,11050.6,282086.3,5.75118,73.24960,0.2329,686.7,456.7
Z07-072,island,Z07,6494.9,282372.4,5.75373,73.20863,0.0003,24.4,33.2
Z07-071,island,Z07,12558.1,282520.2,5.75485,73.26314,0.1842,474.0,584.9
Z08-006,island,Z08,-20576.6,283997.9,5.76834,72.96422,0.0003,22.1,37.6
Z08-007,island,Z08,-20439.1,283964.4,5.76771,72.96558,0.0379,260.3,254.3
Z07-068,island,Z07,28222.1,284264.7,5.77082,73.40480,0.0003,23.3,29.9
Z07-070,island,Z07,29048.5,283715.6,5.76605,73.41128,1.0013,1337.3,1211.9
Z07-067,island,Z07,28354.9,284367.6,5.77172,73.40602,0.0001,23.3,13.3
Z07-069,island,Z07,21444.8,283982.1,5.76867,73.34363,0.3605,654.7,859.2
Z08-008,island,Z08,-15181.9,283547.4,5.76558,73.01194,0.5316,590.2,1579.0
Z08-005,island,Z08,-15322.9,284488.6,5.77292,73.01173,0.0033,91.9,97.3
Z07-066,island,Z07,23567.6,284917.4,5.77641,73.36248,0.3253,725.5,589.4
Z08-004,island,Z08,-30345.3,285376.1,5.78078,72.87601,0.0121,192.7,103.9
Z07-064,island,Z07,14002.1,286066.0,5.78708,73.27643,0.0001,12.2,11.1
Z07-063,island,Z07,13971.4,286085.2,5.78725,73.27614,0.0001,13.3,10.0
Z07-065,island,Z07,14012.9,285916.3,5.78557,73.27640,0.0756,301.3,357.2
Z07-062,island,Z07,13961.8,286095.5,5.78734,73.27607,0.0001,12.2,12.2
Z07-061,island,Z07,13859.6,286151.3,5.78782,73.27509,0.0014,73.1,44.2
Z07-060,island,Z07,23611.5,286421.3,5.79054,73.36250,0.2116,725.4,439.0
Z08-003,island,Z08,-15847.6,286719.2,5.79289,73.00648,0.3558,575.8,895.7
Z07-059,island,Z07,8631.5,287082.7,5.79631,73.22755,0.146,505.0,426.8
Z07-058,island,Z07,21579.5,287175.9,5.79711,73.34486,0.0987,428.7,327.3
Z07-056,island,Z07,16130.0,287735.0,5.80217,73.29565,0.0001,12.2,12.2
Z07-057,island,Z07,16334.5,287733.4,5.80208,73.29777,0.1058,445.2,310.7
Z07-055,island,Z07,2401.2,288059.9,5.80513,73.17235,0.3764,764.2,805.0
Z07-054,island,Z07,34009.1,288377.7,5.80798,73.45707,0.0189,282.4,147.1
Z08-002,island,Z08,-16240.2,288265.1,5.80769,73.00294,0.3577,610.1,878.0
Z07-052,island,Z07,18689.1,289167.9,5.81499,73.31888,0.0568,306.8,242.2
Z07-053,island,Z07,19527.3,289134.9,5.81481,73.32642,0.1001,447.4,303.0
Z07-051,island,Z07,25236.7,289300.8,5.81593,73.37800,0.3621,808.6,750.8
Z07-050,island,Z07,26315.7,290017.4,5.82274,73.38755,0.1139,311.3,463.3
Z07-048,island,Z07,6630.2,290952.8,5.83101,73.20953,0.1589,480.6,442.3
Z07-046,island,Z07,17219.8,291549.5,5.83667,73.30550,0.0001,23.3,13.3
Z07-044,island,Z07,17189.9,291559.4,5.83676,73.30523,0.0001,23.3,13.3
Z07-045,island,Z07,17121.2,291549.5,5.83672,73.30466,0.0004,35.4,33.2
Z07-043,island,Z07,17164.4,291568.6,5.83684,73.30499,0.0001,12.2,12.2
Z07-047,island,Z07,17310.8,291486.4,5.83590,73.30672,0.0783,471.8,261.0
Z07-049,island,Z07,35657.4,290007.3,5.82492,73.47721,1.1014,2536.6,3452.2
Z07-042,island,Z07,32687.6,292469.1,5.84499,73.44515,0.0764,327.9,369.3
Z07-041,island,Z07,32500.8,292664.3,5.84673,73.44350,0.0024,57.6,74.1
Z07-040,island,Z07,20648.9,293261.6,5.85216,73.33650,0.1255,387.6,468.8
Z08-001,island,Z08,-17548.3,293785.6,5.85592,72.99212,0.3043,567.9,1267.2
Z07-038,island,Z07,6290.6,294379.1,5.86221,73.20681,0.0001,12.2,12.2
Z07-037,island,Z07,6389.9,294389.4,5.86235,73.20770,0.0001,12.2,12.2
Z07-036,island,Z07,6275.9,294390.2,5.86236,73.20668,0.0001,23.3,13.3
Z07-035,island,Z07,6329.8,294395.6,5.86242,73.20705,0.0031,63.1,92.9
Z07-039,island,Z07,23991.7,294267.2,5.86110,73.36631,0.1874,688.9,474.4
Z07-034,island,Z07,6372.7,294588.8,5.86413,73.20755,0.0015,54.3,49.8
Z07-033,island,Z07,-661.8,295607.4,5.87334,73.14403,0.1426,457.3,435.7
Z07-032,island,Z07,21461.4,295825.0,5.87519,73.34344,0.0688,366.6,377.1
Z07-030,island,Z07,27698.2,296632.8,5.88261,73.40034,0.2465,699.9,448.9
Z07-028,island,Z07,25315.9,296883.3,5.88502,73.37863,0.0067,111.9,233.3
Z07-029,island,Z07,25236.2,296833.0,5.88432,73.37778,0.0569,308.0,518.6
Z07-031,island,Z07,34985.3,296355.0,5.88199,73.46653,0.7875,962.2,1199.7
Z07-027,island,Z07,25196.9,297130.2,5.88717,73.37753,0.0005,34.3,34.3
Z07-026,island,Z07,18596.2,297185.4,5.88762,73.31794,0.0016,47.6,57.5
Z07-025,island,Z07,18675.6,297174.3,5.88765,73.31870,0.0053,94.1,82.9
Z07-023,island,Z07,34131.7,298840.1,5.90260,73.45824,0.0001,12.2,12.2
Z07-024,island,Z07,33984.9,298644.2,5.90076,73.45658,0.2953,592.8,988.5
Z07-021,island,Z07,18278.6,300232.4,5.91516,73.31507,0.0011,72.0,34.3
Z07-022,island,Z07,18331.9,300035.2,5.91285,73.31518,0.1225,401.8,681.1
Z07-020,island,Z07,768.8,300757.5,5.91994,73.15695,0.0001,12.2,12.2
Z07-019,island,Z07,31748.2,300825.0,5.92056,73.43686,0.1224,445.2,406.9
Z07-018,island,Z07,17391.6,304068.2,5.94984,73.30694,0.1516,538.1,377.1
Z07-016,island,Z07,-1944.8,304339.7,5.95233,73.13225,0.0439,387.5,277.5
Z07-015,island,Z07,26170.1,305415.8,5.96225,73.38636,0.0557,283.5,287.5
Z07-013,island,Z07,23897.9,305987.0,5.96726,73.36585,0.0003,24.4,23.2
Z07-014,island,Z07,24215.2,305804.9,5.96515,73.36849,0.2728,829.4,510.9
Z07-011,island,Z07,23935.8,306037.3,5.96766,73.36619,0.0006,41.0,23.2
Z07-010,island,Z07,28491.8,306163.1,5.96880,73.40733,0.0016,63.1,55.3
Z07-009,island,Z07,21655.0,306205.6,5.96915,73.34559,0.0001,12.2,22.1
Z07-008,island,Z07,21665.5,306219.8,5.96932,73.34569,0.0001,10.0,10.0
Z07-007,island,Z07,21675.5,306234.7,5.96945,73.34577,0.0002,10.0,19.9
Z07-017,island,Z07,29328.5,304530.3,5.95144,73.41560,1.4984,2913.7,3942.0
Z07-012,island,Z07,26899.5,306029.9,5.96747,73.39305,0.1273,419.7,450.0
Z07-005,island,Z07,21686.0,306254.2,5.96967,73.34587,0.0001,12.2,23.2
Z07-006,island,Z07,28192.5,306267.8,5.96967,73.40474,0.0258,291.2,133.8
Z06-002,island,Z06,-21796.0,305990.7,5.96701,72.95339,0.5671,1045.1,811.6
Z05-060,island,Z05,-2798.7,306193.7,5.96881,73.12468,0.0968,258.0,483.2
Z07-004,island,Z07,21650.1,306436.6,5.97210,73.34514,0.2119,553.5,800.6
Z06-001,island,Z06,-23441.2,307262.7,5.97866,72.93820,0.0845,424.0,320.7
Z07-003,island,Z07,19217.3,307811.0,5.98322,73.32374,0.2666,621.2,621.4
Z05-059,island,Z05,6904.0,308936.4,5.99359,73.21126,0.0887,890.0,817.2
Z07-002,island,Z07,17065.3,309339.7,5.99756,73.30415,0.0001,23.3,12.2
Z07-001,island,Z07,16853.0,309626.6,6.00012,73.30070,0.1136,676.4,621.4
Z05-058,island,Z05,-4175.7,310357.4,6.00735,73.11220,0.2791,849.1,503.1
Z05-057,island,Z05,16220.0,311244.7,6.01491,73.29716,0.0696,487.1,434.6
Z05-056,island,Z05,-6874.4,311755.1,6.01926,73.08811,0.0256,367.5,175.8
Z05-055,island,Z05,-7135.7,311848.6,6.02027,73.08555,0.0004,34.3,23.2
Z05-054,island,Z05,-7793.3,312140.2,6.02288,73.07960,0.0001,12.2,12.2
Z05-053,island,Z05,14810.2,313712.4,6.03669,73.28383,0.258,660.9,499.8
Z05-052,island,Z05,-10874.0,315449.0,6.05280,73.05178,0.0002,33.2,12.2
Z05-051,island,Z05,-10895.8,315557.7,6.05379,73.05158,0.0001,12.2,11.1
Z05-049,island,Z05,-10865.9,315626.7,6.05441,73.05185,0.0001,12.2,12.2
Z05-050,island,Z05,-10496.7,315599.1,6.05396,73.05402,0.1077,489.3,378.2
Z05-048,island,Z05,-11467.7,315869.8,6.05697,73.04619,0.0513,235.8,290.8
Z05-047,island,Z05,-11686.3,316756.0,6.06444,73.04441,0.0015,24.4,103.9
Z05-046,island,Z05,14928.1,317235.1,6.07072,73.28279,0.4497,690.9,1764.8
Z05-045,island,Z05,5942.8,319442.6,6.08955,73.20380,0.0674,249.1,506.4
Z05-044,island,Z05,15100.8,321051.3,6.10346,73.28939,0.4727,940.9,1206.4
Z05-043,island,Z05,8610.6,322251.6,6.11467,73.22776,0.1304,364.2,466.6
Z05-042,island,Z05,11499.8,323280.3,6.12421,73.25467,0.178,417.4,848.1
Z05-041,island,Z05,-12569.8,325107.3,6.14011,73.03647,0.0051,182.6,48.7
Z05-040,island,Z05,15911.8,325718.9,6.14568,73.29376,0.0001,12.2,12.2
Z05-039,island,Z05,15882.1,325815.1,6.14630,73.29352,0.0043,52.0,123.8
Z05-038,island,Z05,15756.8,326288.5,6.15098,73.29238,0.0186,80.9,327.3
Z05-036,island,Z05,15414.6,327159.6,6.15868,73.28927,0.0001,10.0,10.0
Z05-035,island,Z05,11280.4,327750.5,6.16399,73.25125,0.3909,655.2,829.3
Z05-037,island,Z05,15463.3,326674.9,6.15393,73.28911,0.9779,903.6,3330.5
Z05-033,island,Z05,15870.9,329553.3,6.18031,73.29340,0.0001,12.2,12.2
Z05-034,island,Z05,15788.9,329474.0,6.17940,73.29254,0.0086,160.4,223.4
Z05-032,island,Z05,16466.2,329894.8,6.18337,73.29873,0.0101,77.4,227.8
Z05-031,island,Z05,16536.0,330189.9,6.18607,73.29941,0.0013,39.8,54.2
Z05-028,island,Z05,16566.8,330447.2,6.18844,73.29969,0.0001,12.2,12.2
Z05-029,island,Z05,16603.8,330438.7,6.18815,73.30001,0.0041,62.0,113.9
Z05-030,island,Z05,10568.3,330393.2,6.18795,73.24550,0.0984,369.6,358.3
Z05-026,island,Z05,-13106.2,331424.8,6.19701,73.03025,0.372,952.9,547.4
Z05-025,island,Z05,16074.1,331805.4,6.20091,73.29517,0.0121,122.8,131.6
Z05-027,island,Z05,16360.4,330809.4,6.19163,73.29915,0.4975,861.8,2493.5
Z05-024,island,Z05,-16800.9,332124.3,6.20316,72.99858,0.0424,245.6,296.3
Z05-023,island,Z05,-9765.8,332815.3,6.20958,73.06060,0.2567,719.4,630.3
Z05-022,island,Z05,10121.0,334912.0,6.22903,73.24149,0.0644,268.9,307.4
Z05-021,island,Z05,13008.0,335508.3,6.23488,73.26502,0.6839,943.9,1127.9
Z05-020,island,Z05,7595.6,338940.3,6.26426,73.21828,0.3718,629.7,781.8
Z05-019,island,Z05,5074.4,340488.7,6.27933,73.19595,0.2463,605.3,526.3
Z05-018,island,Z05,111.7,341062.5,6.28424,73.15107,0.377,686.0,736.4
Z05-017,island,Z05,-15236.2,341397.2,6.28631,73.01247,0.1582,278.9,883.5
Z05-015,island,Z05,-15363.3,341761.3,6.29076,73.01115,0.0001,12.2,12.2
Z05-016,island,Z05,10482.9,341222.5,6.28678,73.24540,1.2043,1183.1,2148.5
Z05-014,island,Z05,-4462.1,343004.2,6.30241,73.10896,0.9448,1039.0,1338.0
Z04-004,island,Z04,-56472.4,344671.7,6.31708,72.63961,0.0001,12.2,12.2
Z05-013,island,Z05,8407.0,345337.4,6.32306,73.22592,0.007,147.1,113.9
Z05-012,island,Z05,8310.1,345567.4,6.32469,73.22465,0.0548,296.4,512.0
Z05-010,island,Z05,-128.7,345729.4,6.32695,73.14949,0.6054,851.9,1010.7
Z05-011,island,Z05,8857.3,345534.1,6.32545,73.23190,0.2882,697.2,1444.1
Z05-009,island,Z05,-19378.4,346921.4,6.33796,72.97585,0.5277,1187.4,1181.0
Z05-008,island,Z05,6452.9,348219.1,6.34877,73.21002,0.7653,1128.5,995.2
Z05-007,island,Z05,-11159.1,349440.2,6.36037,73.04865,0.8174,1075.4,1080.3
Z05-006,island,Z05,-24766.5,353371.2,6.39573,72.92608,0.0133,116.1,257.6
Z04-003,island,Z04,-50448.7,353379.3,6.39611,72.69446,0.0321,244.5,258.7
Z04-002,island,Z04,-55818.5,354847.4,6.40893,72.64548,0.0102,153.8,103.9
Z04-001,island,Z04,-49289.6,354845.6,6.40921,72.70546,0.6971,1163.8,1404.3
Z05-005,island,Z05,-24331.5,357075.4,6.42999,72.93002,0.8787,1803.3,899.0
Z05-003,island,Z05,-26816.9,357804.8,6.43611,72.90758,0.0197,137.2,197.9
Z05-004,island,Z05,-8961.9,357592.1,6.43411,73.06928,0.3483,798.7,663.5
Z05-002,island,Z05,-25748.1,358301.8,6.44066,72.91708,0.7982,1598.6,807.2
Z05-001,island,Z05,-9967.5,359383.6,6.45007,73.05982,0.1794,515.5,481.0
Z03-039,island,Z03,-27379.5,362460.2,6.47795,72.90253,0.1204,468.9,392.5
Z03-038,island,Z03,-10667.9,366627.1,6.51539,73.05415,0.3685,858.3,583.8
Z03-037,island,Z03,-29123.8,369398.7,6.54062,72.88670,0.0005,34.3,32.1
Z03-036,island,Z03,-28056.6,369388.0,6.54132,72.90107,0.5293,2016.3,785.1
Z03-035,island,Z03,-18725.2,369662.9,6.54290,72.98000,1.5959,1663.4,1318.1
Z03-034,island,Z03,-21875.4,370378.5,6.54950,72.95307,0.9756,1774.0,763.0
Z03-033,island,Z03,-18440.8,372245.1,6.56653,72.98315,0.0192,185.8,138.2
Z03-032,island,Z03,-10957.8,372941.0,6.57113,73.05280,1.7445,1220.8,2201.6
Z03-031,island,Z03,-15552.9,376290.9,6.60291,73.00918,0.8195,963.0,1289.3
Z03-030,island,Z03,-9007.6,378603.3,6.62312,73.06963,2.1971,1510.3,2420.5
Z03-028,island,Z03,-25851.8,380778.8,6.64357,72.91620,0.0001,12.2,12.2
Z03-027,island,Z03,-25836.4,380788.9,6.64368,72.91634,0.0002,19.9,10.0
Z03-026,island,Z03,-25817.0,380798.9,6.64377,72.91652,0.0002,18.8,10.0
Z03-025,island,Z03,-25797.7,380808.8,6.64386,72.91669,0.0002,19.9,10.0
Z03-024,island,Z03,-25782.2,380819.0,6.64398,72.91683,0.0001,12.2,12.2
Z03-023,island,Z03,-25528.6,380848.8,6.64425,72.91913,0.0001,23.2,12.2
Z03-029,island,Z03,-25473.5,380694.8,6.64256,72.92082,0.2219,1101.3,389.2
Z03-022,island,Z03,-23617.5,382376.5,6.65786,72.93656,0.4334,786.1,698.8
Z03-021,island,Z03,-13540.5,382411.5,6.65817,73.02762,0.4407,706.5,819.4
Z03-019,island,Z03,-16960.7,383241.0,6.66544,72.99696,0.3578,694.3,727.6
Z03-020,island,Z03,-7509.3,382856.4,6.66238,73.08243,1.8347,1149.9,2106.5
Z03-018,island,Z03,-27371.3,383726.2,6.67043,72.89617,0.5567,2441.7,792.8
Z03-017,island,Z03,-4163.9,384586.4,6.67798,73.11230,0.0019,80.7,40.9
Z03-015,island,Z03,-22288.9,387194.9,6.70167,72.94840,0.0466,253.1,257.6
Z03-014,island,Z03,-27625.3,387592.9,6.70520,72.90015,0.0039,111.7,54.2
Z03-013,island,Z03,-27721.3,387583.1,6.70528,72.89906,0.0043,134.8,91.8
Z03-016,island,Z03,-3460.2,386472.8,6.69339,73.12083,1.5262,1239.6,3389.2
Z03-012,island,Z03,-22413.2,388658.3,6.71474,72.94701,0.2874,506.3,754.1
Z03-010,island,Z03,-80.1,389928.8,6.72629,73.14937,0.0118,331.7,153.7
Z03-011,island,Z03,-13826.4,389698.2,6.72458,73.02396,0.4091,684.3,896.8
Z03-009,island,Z03,-12801.0,391421.0,6.73987,73.03399,0.4792,691.9,1185.4
Z03-007,island,Z03,-23716.3,392235.3,6.74697,72.93509,0.2574,589.4,920.0
Z03-008,island,Z03,-10683.7,392121.4,6.74593,73.05325,1.0637,1024.7,1524.8
Z03-005,island,Z03,-6884.5,394721.4,6.76972,73.08768,0.1455,418.9,516.4
Z03-004,island,Z03,3402.9,395197.9,6.77405,73.18082,0.0002,23.2,23.2
Z03-006,island,Z03,2613.8,393513.1,6.75490,73.17304,2.7176,2714.8,4962.7
Z03-003,island,Z03,-3167.8,395748.3,6.77899,73.12103,0.4875,868.8,1489.5
Z03-001,island,Z03,-3429.0,396533.6,6.78604,73.11897,0.0058,87.3,89.6
Z03-002,island,Z03,-10612.3,396386.2,6.78475,73.05414,0.2166,512.9,555.1
Z02-029,island,Z02,6218.7,398916.7,6.80761,73.20626,0.0012,33.2,53.1
Z02-028,island,Z02,6481.8,398935.9,6.80783,73.20861,0.0008,42.0,34.3
Z02-027,island,Z02,6877.8,399269.7,6.81078,73.21222,0.0002,22.1,23.2
Z02-026,island,Z02,6894.8,399284.4,6.81098,73.21238,0.0001,12.2,12.2
Z02-025,island,Z02,6029.8,399794.2,6.81567,73.20456,0.0017,38.7,86.2
Z02-023,island,Z02,7443.6,400105.2,6.81843,73.21738,0.0002,23.2,23.2
Z02-024,island,Z02,6327.3,399822.1,6.81721,73.21287,2.0783,2197.3,2037.9
Z02-022,island,Z02,705.0,401189.3,6.82910,73.15497,0.8824,1349.6,1252.8
Z02-021,island,Z02,-3993.7,401996.9,6.83490,73.11285,0.4263,773.7,758.6
Z02-018,island,Z02,-10540.3,402313.5,6.83832,73.05463,0.0001,12.2,12.2
Z02-020,island,Z02,-15332.9,402075.8,6.83519,73.01161,0.5981,773.6,1053.8
Z02-019,island,Z02,1893.1,402154.5,6.83777,73.16755,0.4152,648.8,923.3
Z02-016,island,Z02,-17073.5,402911.5,6.84434,72.99542,0.3483,763.6,852.5
Z02-015,island,Z02,-17345.9,403397.6,6.84808,72.99300,0.003,98.4,48.7
Z02-017,island,Z02,-10853.8,402786.8,6.84348,73.05067,0.2664,595.6,1155.5
Z02-014,island,Z02,-10735.4,403487.1,6.84895,73.05287,0.0006,24.3,54.2
Z02-013,island,Z02,269.1,403502.3,6.84901,73.15239,0.1187,417.8,359.4
Z02-012,island,Z02,-18345.5,403830.3,6.85201,72.98411,0.3798,566.0,1009.6
Z02-009,island,Z02,-2697.3,408532.6,6.89461,73.12560,0.0001,12.2,12.2
Z02-011,island,Z02,-4322.6,407863.3,6.88741,73.11415,0.8673,1504.0,1666.4
Z02-007,island,Z02,-2684.4,408621.4,6.89539,73.12571,0.0012,46.4,49.8
Z02-008,island,Z02,-2581.6,408543.9,6.89528,73.12742,0.0934,433.2,358.3
Z02-006,island,Z02,1352.8,408884.2,6.89780,73.16256,0.2662,1474.2,568.4
Z02-005,island,Z02,1736.5,409198.3,6.90063,73.16572,0.0001,23.2,12.2
Z02-010,island,Z02,8878.1,407580.5,6.88769,73.23433,1.7712,1627.5,3845.8
Z02-004,island,Z02,8756.5,411252.4,6.91610,73.23435,0.5145,1338.5,1701.8
Z02-003,island,Z02,-2186.1,411970.4,6.92566,73.13018,0.0097,285.1,293.0
Z02-002,island,Z02,6875.8,413459.9,6.93916,73.21217,0.0017,61.9,57.5
Z01-024,island,Z01,-18380.6,414235.3,6.94671,72.98324,0.0722,317.1,475.5
Z01-022,island,Z01,-26699.1,415396.4,6.95665,72.90839,0.0006,33.1,33.2
Z01-023,island,Z01,-24751.7,415005.2,6.95338,72.92599,0.5704,842.0,906.7
Z02-001,island,Z02,7243.7,414997.2,6.95183,73.21718,1.87,1334.9,2991.1
Z01-021,island,Z01,-26960.5,415601.0,6.96018,72.90500,0.3742,620.4,1541.4
Z01-020,island,Z01,-27466.9,416963.0,6.97084,72.90144,0.0047,68.5,132.7
Z01-019,island,Z01,-27545.8,417064.3,6.97169,72.90072,0.0004,23.2,40.9
Z01-018,island,Z01,-28316.7,418368.7,6.98219,72.89614,0.6678,1577.4,1228.5
Z01-017,island,Z01,-30430.6,419535.7,6.99397,72.87503,0.0146,327.0,188.0
Z01-016,island,Z01,-23170.4,419885.2,6.99710,72.94031,0.1061,362.3,440.1
Z01-015,island,Z01,-31820.5,420457.6,7.00225,72.86267,0.1038,722.4,443.4
Z01-014,island,Z01,-23775.8,421381.5,7.01078,72.93523,0.0704,345.9,324.0
Z01-013,island,Z01,-25477.6,421574.4,7.01260,72.91926,0.0065,90.6,133.8
Z01-011,island,Z01,-35306.6,422405.2,7.02002,72.83071,0.024,234.2,152.6
Z01-012,island,Z01,-17009.7,422039.0,7.01460,72.99757,1.0445,1256.8,2187.2
Z01-010,island,Z01,-36550.1,423238.1,7.02735,72.81931,0.0316,288.3,173.6
Z01-009,island,Z01,-18256.5,424505.2,7.03900,72.98503,0.0701,1005.1,858.1
Z01-008,island,Z01,-19617.4,425140.8,7.04470,72.97244,0.0024,49.7,73.0
Z01-007,island,Z01,-19688.9,425426.0,7.04721,72.97179,0.0983,317.0,546.2
Z01-006,island,Z01,-21709.6,426194.9,7.05449,72.95382,0.1156,534.6,583.8
Z01-005,island,Z01,-37492.4,428183.1,7.07302,72.81093,0.0886,340.6,515.3
Z01-004,island,Z01,-24618.2,429288.4,7.08215,72.92816,0.9213,1052.2,1833.4
Z01-003,island,Z01,-25265.5,430472.6,7.09319,72.92107,0.0071,164.5,141.5
Z01-002,island,Z01,-29970.7,430431.3,7.09322,72.87829,0.1733,410.8,554.0
Z01-001,island,Z01,-27680.7,431695.6,7.10399,72.89889,0.2239,900.4,441.2
Z31-001,island,Z31,30599.6,-386542.9,-0.29484,73.42407,4.9572,3427.4,3881.2